id,title,difficulty,totalNotes,sub_constant_1,main_constant,sub_constant_2,stamina,handspeed,burst,complex,rhythm
1,天竺2000,oni,831,9.00 ,10.03 ,11.45 ,7.86 ,11.61 ,12.75 ,6.59 ,10.70 
2,天体観測,oni,406,1.66 ,1.75 ,1.32 ,2.85 ,0.19 ,3.53 ,0.00 ,0.62 
3,愿望便是希望者,oni,507,1.17 ,1.47 ,1.52 ,2.00 ,0.19 ,5.17 ,0.00 ,0.43 
5,IOSYS Autumn Carnivorous Festival 2014,oni,848,8.65 ,9.01 ,9.93 ,8.14 ,10.20 ,11.55 ,7.17 ,8.44 
8,超时空Adventure,oni,420,0.98 ,1.83 ,2.78 ,1.67 ,0.14 ,0.60 ,0.17 ,3.24 
9,与你奏响的和弦,edit,681,4.56 ,4.29 ,3.02 ,5.55 ,3.12 ,3.53 ,4.59 ,2.31 
9,与你奏响的和弦,oni,466,0.87 ,1.23 ,1.42 ,1.47 ,0.09 ,3.53 ,0.31 ,1.16 
10,3piece-JazzParty!,oni,552,8.14 ,7.71 ,6.94 ,6.55 ,5.35 ,4.98 ,11.16 ,6.74 
11,みらくる☆トラベル,oni,338,0.84 ,1.51 ,1.97 ,1.39 ,0.41 ,7.03 ,0.00 ,0.52 
12,夜樱 Bladerz,oni,567,7.76 ,7.79 ,6.58 ,5.39 ,6.62 ,7.53 ,10.29 ,6.08 
13,心动不已的祭典时间,oni,652,5.29 ,7.35 ,9.24 ,4.60 ,5.81 ,9.37 ,5.31 ,10.02 
14,七彩ボタン,oni,455,0.71 ,1.16 ,1.73 ,1.22 ,0.02 ,0.00 ,0.09 ,2.01 
15,龙与黑炎的公主,edit,932,12.98 ,12.18 ,12.29 ,12.44 ,11.48 ,14.52 ,14.57 ,11.19 
15,龙与黑炎的公主,oni,569,6.42 ,6.51 ,6.74 ,4.52 ,2.98 ,1.20 ,9.64 ,7.16 
16,暗黑魔法少女,oni,1158,10.77 ,9.95 ,9.03 ,11.84 ,10.62 ,8.67 ,9.55 ,4.15 
17,花音反拍子,oni,700,5.39 ,6.37 ,7.66 ,4.66 ,2.19 ,9.32 ,7.71 ,6.30 
18,ひまわりの約束,oni,233,0.14 ,0.14 ,0.08 ,0.24 ,0.00 ,0.00 ,0.00 ,0.06 
19,Night And Day,oni,698,8.01 ,7.23 ,5.56 ,6.58 ,1.34 ,0.14 ,12.05 ,4.93 
20,IN THE ZONE,oni,765,8.87 ,8.53 ,5.32 ,10.08 ,8.37 ,7.88 ,7.84 ,3.07 
21,Turquoise Tachometer,oni,835,10.54 ,9.08 ,6.95 ,9.81 ,6.27 ,3.96 ,13.93 ,5.76 
22,AISO WARAI,oni,600,2.82 ,2.91 ,2.21 ,4.05 ,2.43 ,5.87 ,1.16 ,1.02 
25,フライングゲット,oni,306,0.55 ,2.61 ,4.40 ,0.95 ,0.02 ,0.00 ,0.00 ,5.20 
26,恋するフォーチュンクッキー,oni,529,1.27 ,1.09 ,0.64 ,1.80 ,0.10 ,0.00 ,1.24 ,0.29 
27,Heavy Rotation,oni,507,1.60 ,1.98 ,2.02 ,2.65 ,0.74 ,7.03 ,0.00 ,0.13 
31,亚空间游泳ac12.5,oni,777,8.00 ,8.24 ,8.45 ,5.91 ,3.79 ,5.24 ,11.85 ,8.84 
32,亚历山大 主题曲,oni,644,3.95 ,4.46 ,8.56 ,5.81 ,3.52 ,12.75 ,0.00 ,1.09 
33,UNDEAD HEART（愤怒的Warriors）,oni,1134,13.30 ,12.29 ,11.63 ,14.34 ,11.40 ,12.41 ,13.75 ,5.99 
34,Amanda,oni,523,4.33 ,5.39 ,5.57 ,3.25 ,0.16 ,7.75 ,6.70 ,5.63 
35,GLORIOUS RO@D,oni,315,0.68 ,0.86 ,1.13 ,1.12 ,0.01 ,0.00 ,0.34 ,1.28 
36,Let It Go,oni,361,0.36 ,0.40 ,0.17 ,0.62 ,0.02 ,0.02 ,0.00 ,0.00 
37,渚のアンドロメダ,oni,701,3.09 ,2.73 ,1.69 ,4.42 ,1.66 ,1.43 ,2.48 ,0.98 
38,KAZE NO FANTASY,oni,765,5.79 ,5.73 ,3.40 ,8.16 ,5.60 ,7.62 ,1.22 ,0.45 
39,Pastel Dream,oni,765,4.99 ,5.00 ,3.14 ,7.42 ,4.29 ,7.50 ,0.56 ,0.85 
40,"My Soul, Your Beats!",oni,444,3.95 ,3.36 ,1.83 ,6.07 ,1.19 ,0.18 ,2.83 ,0.22 
41,グレート！アニマルカイザー!!,oni,676,4.75 ,4.68 ,2.68 ,6.63 ,4.71 ,5.63 ,0.92 ,0.45 
42,面包超人进行曲,oni,400,0.69 ,0.62 ,0.36 ,1.18 ,0.01 ,0.00 ,0.00 ,0.20 
43,再见了Varya,edit,765,12.94 ,12.25 ,12.22 ,12.64 ,11.94 ,11.02 ,13.92 ,12.82 
43,再见了Varya,oni,546,7.99 ,9.07 ,9.96 ,4.52 ,7.08 ,10.70 ,10.90 ,9.74 
44,YouTube主题曲,oni,455,1.65 ,3.22 ,5.02 ,1.73 ,0.07 ,0.00 ,2.25 ,5.87 
45,苍之旋律,edit,976,11.23 ,10.08 ,9.05 ,12.18 ,10.65 ,8.43 ,10.59 ,3.75 
45,苍之旋律,oni,933,9.51 ,9.11 ,6.65 ,10.81 ,10.17 ,8.43 ,6.90 ,4.23 
47,前前前世,oni,466,4.45 ,4.52 ,3.51 ,5.42 ,4.07 ,8.08 ,3.56 ,1.09 
48,ASSAULT BGM1,edit,761,7.22 ,7.31 ,6.08 ,6.92 ,1.19 ,5.73 ,10.26 ,5.74 
48,ASSAULT BGM1,oni,527,4.32 ,3.88 ,2.89 ,3.31 ,0.12 ,0.00 ,6.67 ,2.48 
49,Samba Alegria,edit,765,7.32 ,8.88 ,10.11 ,5.97 ,0.92 ,8.93 ,11.07 ,12.37 
49,Samba Alegria,oni,619,2.63 ,5.82 ,9.27 ,2.78 ,0.06 ,0.03 ,3.58 ,10.88 
51,くらえ！ブットバースト!!,oni,454,3.28 ,3.66 ,5.88 ,4.39 ,1.35 ,8.78 ,3.27 ,2.24 
52,BURNING FORCE组曲,oni,748,4.33 ,4.43 ,4.50 ,5.70 ,3.14 ,8.38 ,3.65 ,1.12 
53,化物月夜,oni,677,7.22 ,7.08 ,3.90 ,7.80 ,8.93 ,7.50 ,3.74 ,0.34 
54,【限定】 うなぎのたましいロック,oni,582,1.18 ,1.01 ,0.57 ,1.93 ,0.02 ,0.00 ,0.61 ,0.22 
55,Pastel Sealane,oni,850,9.25 ,9.77 ,9.41 ,5.75 ,9.39 ,9.26 ,11.51 ,9.76 
56,Blue Rose Ruin,oni,765,7.72 ,7.56 ,4.40 ,10.15 ,7.94 ,7.79 ,3.25 ,1.69 
59,僕らの世界にダンスを,oni,266,1.01 ,0.86 ,0.49 ,1.48 ,0.23 ,0.00 ,0.88 ,0.19 
60,夜樱谢肉祭,edit,942,10.08 ,9.34 ,11.39 ,9.52 ,7.56 ,11.81 ,12.39 ,11.36 
60,夜樱谢肉祭,oni,986,10.13 ,8.96 ,6.82 ,10.53 ,7.50 ,5.17 ,11.72 ,5.66 
61,Off ? Rock,oni,594,6.41 ,8.09 ,10.01 ,3.90 ,0.26 ,0.61 ,10.32 ,12.27 
62,YURERU PLEAT JIKKOUIIN,oni,484,4.32 ,4.95 ,5.48 ,3.16 ,0.65 ,3.15 ,6.71 ,5.96 
63,BURU-TARO的点心２,oni,574,2.97 ,4.78 ,6.98 ,3.74 ,0.13 ,1.44 ,3.48 ,8.09 
64,画龙点睛,oni,608,5.38 ,6.02 ,5.51 ,7.14 ,0.88 ,5.45 ,5.85 ,5.56 
65,月下美人,oni,832,5.11 ,4.48 ,3.02 ,7.82 ,2.23 ,0.60 ,3.36 ,2.23 
66,百花缭乱,oni,777,3.79 ,3.25 ,1.92 ,5.73 ,1.98 ,0.38 ,2.40 ,0.94 
67,百鬼夜行,oni,711,5.19 ,4.47 ,2.70 ,5.42 ,1.46 ,0.18 ,6.95 ,1.48 
68,Calculator,oni,777,10.92 ,11.25 ,12.44 ,10.53 ,10.69 ,14.48 ,11.31 ,11.70 
69,"Brave Sword, Braver Soul",oni,471,1.79 ,1.56 ,0.85 ,3.07 ,0.21 ,0.60 ,0.00 ,0.15 
70,Caramel Time☆,oni,722,5.34 ,4.87 ,3.87 ,5.75 ,4.87 ,2.83 ,5.28 ,3.41 
71,和兰抚子,oni,506,4.91 ,4.71 ,3.03 ,5.79 ,3.37 ,4.11 ,5.16 ,2.00 
72,The Carnivorous Carnival,oni,777,8.95 ,7.98 ,4.78 ,11.03 ,6.88 ,4.85 ,8.28 ,2.43 
73,Black Rose Apostle,edit,915,12.40 ,10.72 ,9.77 ,14.14 ,11.10 ,8.90 ,11.51 ,3.74 
73,Black Rose Apostle,oni,876,11.06 ,10.05 ,9.16 ,12.81 ,10.50 ,8.90 ,9.40 ,4.70 
74,SHIRONEKO CARAMEL MUGEN NO WATAAME,edit,1007,9.00 ,7.81 ,5.02 ,10.37 ,1.86 ,0.14 ,11.37 ,3.35 
74,SHIRONEKO CARAMEL MUGEN NO WATAAME,oni,634,2.76 ,2.62 ,2.36 ,3.06 ,0.28 ,0.15 ,3.63 ,2.36 
76,ソードバトラーズ,edit,604,8.11 ,8.69 ,9.38 ,6.20 ,5.60 ,10.12 ,11.18 ,8.96 
76,ソードバトラーズ,oni,414,1.90 ,1.88 ,1.80 ,2.52 ,0.33 ,0.60 ,2.06 ,1.86 
79,天堂与地狱序曲,oni,563,2.76 ,2.79 ,1.81 ,4.64 ,0.99 ,2.95 ,0.00 ,1.21 
80,练习曲Op.10-4,edit,948,10.48 ,9.51 ,9.27 ,10.99 ,7.90 ,8.16 ,11.92 ,10.12 
80,练习曲Op.10-4,oni,852,8.01 ,7.63 ,4.68 ,9.67 ,7.92 ,6.83 ,5.82 ,2.65 
81,第七号交响曲节选,oni,541,2.17 ,2.52 ,2.48 ,3.33 ,0.73 ,2.19 ,1.50 ,2.60 
82,An American in Paris,oni,463,1.60 ,1.40 ,0.93 ,2.41 ,0.09 ,0.00 ,1.35 ,0.67 
83,Surfside Satie,oni,781,5.61 ,5.37 ,4.69 ,6.90 ,2.93 ,3.49 ,6.10 ,4.50 
84,卡门第一组曲 斗牛士之歌,edit,957,13.10 ,12.71 ,13.33 ,13.63 ,15.50 ,15.26 ,9.07 ,4.16 
84,卡门第一组曲 斗牛士之歌,oni,518,4.52 ,3.84 ,2.09 ,2.52 ,0.22 ,0.00 ,7.36 ,0.26 
85,Concerto in F,oni,734,6.47 ,7.44 ,7.88 ,6.73 ,1.50 ,9.13 ,8.75 ,6.89 
86,库普兰之墓,oni,651,4.10 ,4.54 ,6.57 ,4.11 ,1.31 ,9.25 ,5.58 ,3.02 
87,丑角的晨歌,oni,529,3.01 ,3.04 ,1.99 ,3.67 ,3.49 ,5.17 ,1.06 ,0.47 
88,幻想即兴曲,oni,558,9.82 ,9.12 ,6.31 ,9.61 ,7.90 ,7.88 ,11.44 ,4.53 
89,野蜂飞舞,oni,630,8.42 ,7.16 ,3.88 ,9.89 ,3.03 ,0.78 ,10.14 ,0.23 
90,亲亲卡农,oni,697,3.68 ,3.78 ,2.64 ,5.50 ,3.12 ,7.50 ,0.41 ,0.15 
91,火星,oni,375,1.33 ,1.50 ,1.37 ,1.05 ,0.46 ,1.80 ,1.98 ,1.34 
92,悼念公主的帕凡舞曲,edit,612,3.20 ,4.36 ,6.01 ,3.49 ,0.13 ,0.02 ,4.27 ,6.89 
92,悼念公主的帕凡舞曲,oni,383,0.54 ,0.49 ,0.25 ,0.92 ,0.05 ,0.02 ,0.00 ,0.06 
93,Ruslan and Lyudmila,oni,659,5.26 ,5.21 ,4.06 ,5.71 ,5.42 ,5.89 ,4.48 ,3.38 
94,弩蚊怒夏,oni,1000,13.39 ,11.40 ,9.66 ,14.64 ,10.53 ,9.33 ,14.36 ,1.21 
95,天鹅湖,edit,861,12.34 ,11.71 ,11.92 ,12.70 ,11.19 ,11.01 ,12.85 ,12.87 
95,天鹅湖,oni,610,6.25 ,6.50 ,8.20 ,5.79 ,3.95 ,11.00 ,8.17 ,4.68 
96,千鼓千鼓,oni,776,9.01 ,8.64 ,7.48 ,8.36 ,4.45 ,6.46 ,12.30 ,7.07 
97,触技与赋格与ROCK,oni,804,6.73 ,7.19 ,6.28 ,6.81 ,1.89 ,8.33 ,9.18 ,5.29 
98,O Vreneli,oni,351,1.61 ,1.60 ,1.61 ,0.98 ,0.03 ,0.00 ,2.59 ,1.69 
100,迅风丸,edit,659,9.05 ,7.92 ,5.36 ,8.70 ,3.00 ,0.67 ,12.57 ,3.98 
100,迅风丸,oni,507,4.78 ,4.08 ,2.27 ,5.07 ,3.00 ,0.60 ,5.75 ,0.62 
101,ココロ転がせっ！,oni,285,0.62 ,0.96 ,1.37 ,1.06 ,0.05 ,0.17 ,0.00 ,1.59 
103,Sunset Runaway,oni,610,7.97 ,8.60 ,9.65 ,6.88 ,6.48 ,10.51 ,9.94 ,9.21 
105,第九号交响曲,edit,676,4.94 ,5.06 ,6.66 ,5.74 ,4.31 ,8.96 ,4.57 ,4.05 
105,第九号交响曲,oni,354,0.96 ,1.15 ,1.45 ,0.87 ,0.01 ,0.00 ,1.41 ,1.63 
106,Day by Day!,edit,833,6.81 ,7.51 ,7.45 ,7.51 ,4.30 ,8.37 ,7.91 ,7.27 
106,Day by Day!,oni,608,2.44 ,2.54 ,2.09 ,3.57 ,1.82 ,3.30 ,1.25 ,1.81 
107,DADAKKO MONSTER,oni,557,2.07 ,2.67 ,2.96 ,3.34 ,0.77 ,7.68 ,0.94 ,2.18 
108,DENSHI DRUM NO TATSUJIN,oni,882,7.84 ,7.44 ,4.35 ,9.32 ,8.63 ,6.57 ,4.57 ,2.00 
109,Many wow bang!,edit,497,7.26 ,7.09 ,6.86 ,3.66 ,0.66 ,0.01 ,11.93 ,7.09 
109,Many wow bang!,oni,478,5.06 ,5.52 ,6.35 ,3.43 ,0.33 ,0.01 ,8.00 ,6.99 
110,DEBSTEP!,oni,888,12.17 ,11.25 ,11.25 ,11.82 ,10.66 ,8.38 ,13.62 ,12.98 
111,DENSETSU NO MATSURI,oni,777,2.87 ,2.94 ,3.09 ,3.96 ,0.25 ,0.02 ,2.95 ,3.31 
112,電車で電車で OPA!OPA!OPA! -GMT mashup-,oni,658,5.96 ,6.41 ,6.91 ,4.52 ,0.58 ,2.82 ,9.20 ,7.45 
113,電車で電車でGO!GO!GO!GC! -GMT remix-,oni,555,6.42 ,5.77 ,4.35 ,4.63 ,0.77 ,0.02 ,10.00 ,3.78 
114,リッジでリッジで GO!GO!GO! -GMT mashup-,oni,600,6.06 ,6.34 ,6.91 ,4.06 ,1.60 ,0.23 ,9.48 ,7.48 
115,ドラゴンボールヒーローズ ギャラクシーミッションシリーズ テーマソング,oni,341,0.83 ,1.08 ,1.18 ,1.39 ,0.13 ,4.00 ,0.28 ,0.39 
116,ドラゴンボールヒーローズ 邪悪龍ミッションシリーズ テーマソング,oni,365,1.42 ,1.91 ,2.14 ,2.19 ,1.00 ,7.03 ,0.40 ,0.94 
117,DIMENSIONS,oni,535,7.46 ,8.31 ,8.97 ,4.56 ,1.28 ,10.32 ,11.94 ,7.86 
118,さちさちにしてあげる?,edit,743,10.66 ,10.28 ,9.96 ,11.16 ,10.08 ,11.00 ,10.52 ,4.99 
118,さちさちにしてあげる?,oni,366,1.18 ,1.24 ,0.93 ,1.97 ,0.32 ,2.83 ,0.39 ,0.00 
120,咚奏箱2000,oni,765,12.05 ,12.72 ,14.61 ,9.47 ,15.50 ,15.50 ,10.03 ,12.00 
121,Doom Noiz,oni,961,11.25 ,10.41 ,10.57 ,10.93 ,8.39 ,10.97 ,13.60 ,10.91 
122,实现梦想的哆啦Ａ梦,oni,321,0.72 ,0.68 ,0.50 ,1.05 ,0.01 ,0.03 ,0.67 ,0.44 
123,全力バタンキュー,oni,528,4.20 ,3.67 ,1.99 ,5.86 ,2.55 ,1.67 ,3.41 ,0.03 
124,Dream Tide,oni,563,5.29 ,6.28 ,7.88 ,4.89 ,0.26 ,0.07 ,7.68 ,8.86 
126,SYMPHONIC DRUAGA,oni,420,3.59 ,3.34 ,2.85 ,1.39 ,0.17 ,0.04 ,6.02 ,2.75 
127,THE TOWER OF DRUAGA Medley,oni,682,4.87 ,4.99 ,3.83 ,5.84 ,1.60 ,7.97 ,5.80 ,2.34 
128,D's Adventure Note,oni,872,10.49 ,10.31 ,11.05 ,10.34 ,9.33 ,10.77 ,11.49 ,12.29 
131,铁路便当2000,oni,876,9.92 ,9.29 ,6.11 ,11.60 ,10.56 ,8.32 ,6.74 ,2.14 
132,地平线上的疾风,oni,563,2.21 ,2.52 ,2.39 ,3.24 ,0.87 ,2.37 ,1.81 ,2.45 
133,"1,2, Fanclub",oni,544,3.11 ,2.75 ,1.94 ,3.76 ,0.81 ,0.19 ,3.72 ,1.54 
134,Eternal bond,oni,635,6.38 ,6.03 ,4.22 ,6.97 ,6.00 ,5.17 ,5.98 ,3.20 
135,残酷天使的行动纲领,edit,423,6.82 ,6.69 ,6.51 ,4.68 ,0.35 ,0.00 ,10.77 ,6.75 
135,残酷天使的行动纲领,oni,345,3.85 ,4.53 ,5.63 ,2.28 ,0.06 ,0.00 ,6.23 ,6.33 
136,Evidence of evil,oni,814,11.10 ,10.89 ,11.40 ,11.55 ,10.61 ,12.75 ,10.93 ,8.81 
137,FAMIRES WARS,oni,723,5.03 ,6.78 ,8.52 ,4.99 ,5.01 ,8.08 ,4.99 ,9.39 
138,Scars of FAUNA,oni,780,8.71 ,9.26 ,11.11 ,8.86 ,7.83 ,11.44 ,9.23 ,11.42 
139,dance storm,edit,765,6.59 ,6.52 ,4.54 ,8.79 ,5.83 ,8.08 ,4.18 ,2.54 
139,dance storm,oni,644,4.10 ,4.25 ,3.65 ,5.77 ,1.53 ,8.08 ,3.77 ,1.89 
140,#NAME?,edit,900,8.42 ,8.34 ,7.88 ,8.10 ,9.10 ,10.54 ,7.86 ,3.27 
140,#NAME?,oni,583,2.06 ,2.57 ,2.68 ,3.50 ,0.14 ,7.50 ,0.49 ,1.75 
141,Fly away,oni,579,3.83 ,4.01 ,5.68 ,4.95 ,2.57 ,8.67 ,3.52 ,2.26 
142,ファッションモンスター,oni,374,1.26 ,1.45 ,1.32 ,2.14 ,0.35 ,2.83 ,0.00 ,1.08 
144,エビカニクス,oni,353,1.71 ,1.60 ,1.39 ,2.94 ,0.14 ,0.11 ,0.00 ,1.36 
146,シオカラ節,oni,432,2.98 ,2.95 ,2.94 ,4.92 ,0.76 ,0.19 ,1.23 ,3.07 
148,FUJIN Rumble,oni,751,11.94 ,11.08 ,10.87 ,11.87 ,10.56 ,8.76 ,13.05 ,12.33 
149,Saturday Taiko Fever,edit,600,7.13 ,8.55 ,8.86 ,4.42 ,0.74 ,8.08 ,11.44 ,9.44 
149,Saturday Taiko Fever,oni,437,4.02 ,5.12 ,6.77 ,1.98 ,0.31 ,0.00 ,6.62 ,7.71 
150,冬龙 ～Toryu～,edit,687,10.03 ,9.90 ,11.85 ,8.71 ,10.30 ,14.86 ,10.78 ,3.59 
150,冬龙 ～Toryu～,oni,541,5.74 ,5.29 ,3.35 ,5.09 ,1.90 ,4.00 ,8.25 ,2.09 
151,ファンタジーゾーン OPA-OPA! - GMT remix -,oni,537,4.93 ,5.33 ,6.06 ,3.42 ,0.75 ,0.09 ,7.74 ,6.65 
152,Ｇ意识过剩,oni,790,9.04 ,8.85 ,7.00 ,7.90 ,10.75 ,8.67 ,8.02 ,2.98 
153,エンジェル ドリーム(デレマス),oni,694,5.29 ,5.26 ,3.31 ,7.31 ,5.29 ,7.50 ,1.20 ,1.17 
154,Garakuta Doll Play,edit,715,10.26 ,9.53 ,10.65 ,7.35 ,10.38 ,11.93 ,12.27 ,7.32 
154,Garakuta Doll Play,oni,750,8.97 ,8.51 ,8.23 ,7.80 ,1.95 ,10.36 ,13.18 ,4.95 
155,GASHA DOKURO,oni,614,5.13 ,6.15 ,8.24 ,3.25 ,1.13 ,10.75 ,8.13 ,5.73 
156,KAGEKIYO,edit,999,10.40 ,8.42 ,11.44 ,9.89 ,3.40 ,8.38 ,14.53 ,14.33 
156,KAGEKIYO,oni,765,7.47 ,7.71 ,8.28 ,4.75 ,0.27 ,0.00 ,11.95 ,8.91 
157,ゲラゲラポーのうた,oni,329,1.11 ,0.95 ,0.53 ,1.73 ,0.05 ,0.00 ,0.81 ,0.16 
159,Wings of Tomorrow(Tatsujin Mix),oni,765,6.94 ,6.88 ,6.55 ,7.76 ,5.64 ,8.92 ,7.13 ,2.69 
160,No Way Back,edit,713,6.65 ,6.69 ,7.71 ,4.87 ,8.30 ,10.83 ,6.19 ,2.54 
160,No Way Back,oni,697,5.26 ,4.62 ,2.50 ,6.88 ,4.21 ,2.37 ,4.12 ,0.15 
161,ごめんなさいのKissing You,oni,336,0.98 ,0.89 ,0.62 ,1.68 ,0.08 ,0.11 ,0.00 ,0.50 
163,DON'T CUT,edit,754,8.46 ,7.63 ,4.47 ,8.98 ,7.13 ,5.17 ,8.98 ,2.03 
163,DON'T CUT,oni,704,4.03 ,3.98 ,2.31 ,6.28 ,2.92 ,5.17 ,0.00 ,0.16 
164,Got more raves?,edit,824,12.37 ,11.25 ,12.17 ,10.71 ,10.70 ,12.52 ,14.99 ,12.58 
164,Got more raves?,oni,702,9.20 ,8.77 ,9.66 ,7.32 ,0.79 ,2.85 ,14.03 ,10.24 
166,NINJIN NIN,oni,592,3.24 ,4.15 ,5.03 ,5.45 ,1.11 ,2.83 ,0.48 ,5.61 
167,天之弱,oni,828,7.51 ,7.44 ,7.15 ,7.86 ,8.02 ,8.96 ,6.40 ,4.71 
168,咖啡的味道,oni,926,9.59 ,9.01 ,6.73 ,11.00 ,9.48 ,7.79 ,7.88 ,5.47 
169,心跳不已的恋爱预感！？,oni,473,2.17 ,2.21 ,1.46 ,3.49 ,1.19 ,4.00 ,0.60 ,0.00 
171,重金属Fugitive,oni,653,9.97 ,10.65 ,11.66 ,8.56 ,10.50 ,12.17 ,10.53 ,12.31 
173,樱花烂漫,oni,759,4.03 ,4.00 ,2.55 ,5.63 ,3.13 ,5.29 ,2.59 ,1.22 
177,Haruuta,oni,273,0.32 ,0.36 ,0.33 ,0.55 ,0.05 ,0.18 ,0.00 ,0.34 
178,春龙 ～Haryu～,edit,833,11.50 ,9.48 ,7.87 ,11.80 ,6.91 ,9.72 ,14.31 ,2.97 
178,春龙 ～Haryu～,oni,698,7.17 ,7.08 ,5.35 ,7.68 ,5.14 ,8.12 ,8.17 ,3.90 
179,工作2000,oni,876,12.58 ,12.18 ,12.15 ,12.93 ,11.63 ,14.74 ,12.92 ,10.38 
180,隼,oni,786,7.63 ,7.63 ,5.13 ,8.16 ,10.01 ,7.85 ,2.40 ,3.55 
181,8OROCHI,edit,1001,11.80 ,11.56 ,10.83 ,12.06 ,11.31 ,14.51 ,11.79 ,5.12 
181,8OROCHI,oni,958,11.22 ,11.08 ,11.77 ,11.42 ,10.97 ,14.10 ,11.05 ,5.53 
182,Hello! Halloween,oni,576,4.84 ,4.24 ,2.84 ,3.09 ,0.93 ,0.34 ,7.68 ,2.09 
183,SHOUJO NO KAMI NO RYUUSHI,oni,999,6.48 ,6.38 ,3.66 ,8.72 ,6.83 ,7.62 ,1.31 ,0.52 
184,月影SASURAI,edit,765,7.55 ,7.51 ,7.55 ,5.74 ,1.04 ,0.03 ,11.61 ,7.94 
184,月影SASURAI,oni,580,2.92 ,4.57 ,6.69 ,2.60 ,0.11 ,0.02 ,4.31 ,7.76 
186,Hurtling Boys,oni,903,12.95 ,12.50 ,12.62 ,13.35 ,12.01 ,14.06 ,13.20 ,11.83 
187,六兆年零一夜物语,edit,753,9.79 ,9.22 ,7.34 ,9.22 ,10.23 ,7.85 ,9.72 ,6.35 
187,六兆年零一夜物语,oni,846,8.52 ,8.28 ,4.79 ,9.51 ,10.11 ,7.85 ,4.76 ,1.84 
190,ゲラゲラと笑うな,oni,929,5.64 ,5.68 ,5.35 ,4.91 ,6.69 ,8.12 ,5.05 ,4.58 
191,我是合成器,oni,612,2.27 ,7.12 ,10.00 ,2.46 ,0.15 ,4.00 ,3.03 ,13.31 
193,Scroll MIKA,oni,765,2.68 ,2.49 ,2.11 ,4.04 ,0.86 ,0.61 ,2.05 ,2.01 
194,Ignis Danse,oni,818,10.56 ,9.80 ,9.16 ,9.93 ,10.11 ,7.77 ,11.39 ,8.55 
196,梦色Coaster,oni,728,3.52 ,3.36 ,1.80 ,4.86 ,1.94 ,2.83 ,3.04 ,0.20 
197,The world is all one !!,edit,765,5.45 ,5.45 ,3.77 ,7.37 ,5.57 ,7.96 ,1.61 ,1.76 
197,The world is all one !!,oni,495,1.33 ,1.51 ,1.35 ,2.27 ,0.22 ,4.47 ,0.00 ,0.20 
198,READY!!,oni,420,2.05 ,2.66 ,1.88 ,3.43 ,0.86 ,6.10 ,0.00 ,0.00 
199,お願い！シンデレラ,oni,419,1.34 ,1.71 ,1.81 ,2.25 ,0.48 ,6.33 ,0.00 ,0.16 
200,Star!!,edit,530,8.45 ,8.02 ,4.37 ,7.53 ,9.50 ,7.14 ,8.05 ,0.69 
200,Star!!,oni,346,1.08 ,1.62 ,1.95 ,1.84 ,0.24 ,7.03 ,0.00 ,0.18 
202,Honey Heartbeat ～10 Stars Mix～,edit,765,10.55 ,11.03 ,12.77 ,5.53 ,10.50 ,13.23 ,13.74 ,14.11 
202,Honey Heartbeat ～10 Stars Mix～,oni,765,8.18 ,8.87 ,8.54 ,6.94 ,1.73 ,8.24 ,12.14 ,8.74 
203,Jibun REST@RT,edit,765,8.47 ,7.68 ,4.64 ,10.07 ,7.86 ,5.41 ,7.03 ,2.44 
203,Jibun REST@RT,oni,567,2.56 ,2.65 ,1.88 ,4.14 ,1.50 ,5.40 ,0.00 ,0.31 
204,M@STERPIECE,oni,390,0.70 ,0.62 ,0.34 ,1.21 ,0.03 ,0.00 ,0.00 ,0.12 
205,ONLY MY NOTE,oni,487,1.20 ,2.03 ,2.64 ,1.93 ,0.64 ,7.62 ,0.37 ,1.82 
207,All Night de INDENAI,oni,555,1.14 ,1.05 ,0.86 ,1.49 ,0.02 ,0.00 ,1.28 ,0.80 
208,いぬのおまわりさん,oni,328,1.31 ,1.11 ,0.61 ,1.61 ,0.05 ,0.00 ,1.57 ,0.09 
209,INU HOERU,oni,580,2.38 ,2.82 ,2.74 ,3.96 ,1.05 ,7.50 ,0.00 ,1.76 
211,OOZORA TO TAIKO NO ODORI,oni,864,8.65 ,7.64 ,4.82 ,10.83 ,6.04 ,4.12 ,8.25 ,2.94 
212,NEGAIGOTO ☆ PUZZLE,oni,551,3.58 ,4.55 ,5.87 ,4.27 ,0.43 ,1.68 ,4.43 ,6.64 
213,夜曲Op.9 No.2,oni,500,4.76 ,7.16 ,9.33 ,1.94 ,0.14 ,5.57 ,7.97 ,10.59 
214,时空厅时空1课,oni,836,7.67 ,7.50 ,4.16 ,10.60 ,7.67 ,7.50 ,1.83 ,1.03 
215,时空厅搜查2课,oni,773,7.00 ,6.94 ,6.37 ,6.86 ,7.87 ,8.67 ,6.04 ,3.48 
218,FLOWER,edit,873,12.41 ,11.92 ,11.34 ,12.45 ,11.50 ,15.06 ,13.01 ,6.04 
218,FLOWER,oni,721,8.87 ,8.87 ,9.16 ,8.31 ,4.40 ,5.87 ,12.03 ,9.52 
219,日全食2035,oni,588,3.93 ,3.51 ,1.91 ,5.81 ,1.59 ,2.13 ,3.09 ,0.20 
220,KARA鞠之花,oni,774,11.60 ,10.37 ,10.32 ,9.71 ,10.81 ,9.95 ,13.70 ,9.04 
221,夏龙 ～Karyu～,edit,800,7.83 ,8.97 ,11.06 ,6.60 ,5.46 ,8.90 ,10.40 ,13.45 
221,夏龙 ～Karyu～,oni,673,5.09 ,5.86 ,7.08 ,4.64 ,0.68 ,1.34 ,7.40 ,7.90 
222,メタナイトの逆襲メドレー,edit,1000,10.79 ,10.54 ,10.43 ,10.06 ,10.39 ,10.35 ,11.65 ,10.42 
222,メタナイトの逆襲メドレー,oni,655,2.48 ,4.10 ,5.20 ,3.72 ,2.09 ,7.79 ,0.09 ,5.44 
223,卡恰咚2000,oni,502,6.75 ,8.02 ,7.86 ,6.73 ,0.94 ,7.92 ,9.44 ,8.16 
224,ゼルダの伝説 ブレス オブ ザ ワイルド メドレー,oni,469,6.08 ,6.34 ,6.32 ,2.64 ,8.45 ,8.59 ,5.59 ,4.24 
226,Kirame Kirari,edit,691,4.58 ,4.60 ,2.92 ,5.86 ,4.89 ,7.50 ,1.96 ,0.16 
226,Kirame Kirari,oni,691,5.45 ,5.41 ,3.25 ,6.59 ,6.33 ,7.59 ,2.14 ,0.21 
230,The Windmill Song,oni,572,6.02 ,8.47 ,10.11 ,3.95 ,0.95 ,7.93 ,9.53 ,11.33 
231,限界突破×Survivor,edit,523,5.55 ,5.53 ,3.64 ,6.80 ,6.09 ,7.94 ,2.82 ,1.28 
231,限界突破×Survivor,oni,198,0.12 ,0.13 ,0.14 ,0.17 ,0.00 ,0.00 ,0.12 ,0.15 
233,名侦探柯南 主题音乐,oni,386,1.12 ,2.72 ,4.39 ,1.80 ,0.01 ,0.01 ,0.69 ,5.15 
236,くまもとサプライズ！,oni,371,1.10 ,1.17 ,1.07 ,1.90 ,0.09 ,0.60 ,0.00 ,1.10 
237,告诉我，熊熊朋友,oni,665,5.58 ,4.84 ,3.03 ,4.81 ,0.48 ,0.01 ,8.30 ,1.90 
238,KUON NO YORU,oni,484,5.99 ,5.93 ,3.64 ,6.62 ,7.31 ,7.79 ,3.01 ,1.13 
239,凤凰天舞无限崩,oni,689,8.32 ,8.23 ,7.88 ,9.12 ,8.26 ,10.12 ,7.36 ,4.43 
241,きゅんっ！ヴァンパイアガール,oni,433,0.97 ,1.06 ,1.19 ,1.54 ,0.18 ,0.18 ,0.63 ,1.31 
242,伴随着你,oni,377,0.51 ,0.54 ,0.52 ,0.88 ,0.01 ,0.00 ,0.00 ,0.55 
243,万戈イム－一ノ十,oni,999,13.37 ,12.31 ,12.33 ,13.48 ,11.75 ,10.03 ,14.49 ,13.08 
246,Ashita mo,oni,397,0.51 ,0.54 ,0.23 ,0.88 ,0.00 ,0.00 ,0.00 ,0.00 
247,僕らは今のなかで,oni,463,5.26 ,5.31 ,5.42 ,4.67 ,6.03 ,8.43 ,4.88 ,3.28 
248,LOVE战!!,edit,942,11.59 ,10.71 ,11.06 ,12.39 ,10.08 ,12.74 ,11.96 ,5.78 
248,LOVE战!!,oni,666,5.44 ,5.40 ,3.24 ,6.28 ,6.30 ,7.50 ,2.94 ,0.45 
250,Love song 永不停息,oni,431,0.88 ,0.89 ,0.91 ,1.51 ,0.02 ,0.01 ,0.09 ,0.97 
251,愛×愛ホイッスル(カレーメシ公式曲),oni,949,8.72 ,8.86 ,9.66 ,8.59 ,8.21 ,10.68 ,9.17 ,8.83 
252,北埼玉200,oni,802,7.57 ,7.37 ,4.44 ,7.83 ,7.35 ,6.94 ,7.39 ,2.42 
253,ルカルカ★ナイトフィーバー,edit,636,9.89 ,9.10 ,9.73 ,9.45 ,6.76 ,10.94 ,12.44 ,8.33 
253,ルカルカ★ナイトフィーバー,oni,485,3.80 ,4.02 ,6.28 ,4.13 ,3.94 ,9.21 ,3.20 ,1.44 
255,甜蜜歌声与苦涩舞步,oni,535,2.24 ,3.67 ,5.46 ,2.66 ,0.15 ,0.01 ,2.80 ,6.35 
256,Mezase Pokémon Master -20th Anniversary-,edit,416,5.61 ,6.19 ,7.09 ,3.58 ,0.39 ,9.27 ,8.96 ,4.57 
256,Mezase Pokémon Master -20th Anniversary-,oni,302,1.31 ,1.19 ,0.95 ,1.95 ,0.21 ,0.00 ,1.11 ,0.86 
257,MATSURI D/A,oni,574,5.50 ,7.34 ,8.16 ,3.77 ,0.82 ,8.24 ,8.65 ,8.80 
259,The Magician's Dream,oni,724,9.12 ,8.77 ,5.16 ,10.01 ,10.03 ,8.14 ,6.77 ,1.41 
260,魔方阵 - summon delta -,oni,600,4.97 ,7.89 ,9.95 ,3.69 ,1.34 ,7.41 ,7.60 ,11.22 
261,Pico Pico MAPPY,oni,596,5.06 ,8.39 ,10.14 ,4.59 ,1.04 ,7.85 ,7.34 ,12.42 
262,スーパーマリオブラザーズ,oni,589,1.77 ,3.66 ,5.54 ,1.90 ,0.06 ,2.00 ,2.39 ,6.45 
263,【限定】 黄ダルマ2000,oni,109,0.00 ,0.28 ,0.36 ,0.00 ,0.00 ,1.34 ,0.00 ,0.02 
264,Mecha DESU.,edit,999,12.40 ,11.55 ,11.73 ,14.02 ,11.51 ,11.00 ,11.27 ,9.18 
264,Mecha DESU.,oni,483,6.59 ,5.86 ,3.18 ,5.35 ,5.34 ,3.46 ,8.46 ,0.37 
265,糸且曲2000,oni,1414,12.54 ,11.86 ,11.81 ,13.76 ,11.20 ,13.11 ,12.30 ,8.96 
266,咚咚咔咚～,edit,876,10.66 ,10.13 ,11.26 ,12.11 ,10.80 ,13.38 ,8.57 ,4.40 
266,咚咚咔咚～,oni,727,7.51 ,7.41 ,6.44 ,8.31 ,7.27 ,8.67 ,6.72 ,3.40 
267,STAY TUNE,oni,417,0.75 ,0.75 ,0.77 ,1.29 ,0.01 ,0.00 ,0.14 ,0.81 
268,女人气,oni,378,1.33 ,1.29 ,1.23 ,2.05 ,0.72 ,0.11 ,0.70 ,1.26 
269,METAL HAWK BGM1,oni,765,11.14 ,10.03 ,9.82 ,8.43 ,10.80 ,10.41 ,13.41 ,2.12 
270,Metal Police,edit,765,6.79 ,6.63 ,3.61 ,10.07 ,5.45 ,6.57 ,2.34 ,0.58 
270,Metal Police,oni,594,5.09 ,5.04 ,2.99 ,6.11 ,4.27 ,6.57 ,4.62 ,0.73 
271,Extreme MGG★★★,edit,757,9.49 ,9.18 ,9.33 ,9.27 ,5.29 ,2.83 ,12.37 ,9.72 
272,ミュージック?リボルバー,edit,777,12.18 ,10.68 ,10.42 ,13.32 ,9.40 ,11.51 ,13.19 ,5.80 
273,季曲,edit,763,3.02 ,2.59 ,1.40 ,4.74 ,1.61 ,0.60 ,1.44 ,0.00 
273,季曲,oni,536,1.32 ,1.38 ,0.63 ,2.27 ,0.09 ,0.60 ,0.00 ,0.00 
274,蓄势,edit,765,3.17 ,2.71 ,1.50 ,5.41 ,0.71 ,0.23 ,0.00 ,0.42 
274,蓄势,oni,654,2.04 ,1.74 ,0.95 ,3.49 ,0.37 ,0.23 ,0.00 ,0.18 
275,蜕变,edit,579,2.77 ,2.59 ,2.24 ,2.57 ,0.08 ,0.00 ,4.00 ,2.18 
275,蜕变,oni,471,0.91 ,0.85 ,0.75 ,1.47 ,0.01 ,0.00 ,0.52 ,0.73 
276,春游,edit,700,4.39 ,3.77 ,2.20 ,5.41 ,0.90 ,0.05 ,5.20 ,1.04 
276,春游,oni,572,2.15 ,1.83 ,0.99 ,3.64 ,0.50 ,0.05 ,0.46 ,0.02 
277,绽放,edit,585,4.23 ,4.19 ,2.63 ,5.17 ,4.52 ,5.63 ,2.39 ,1.09 
277,绽放,oni,445,1.23 ,1.39 ,1.26 ,2.11 ,0.05 ,4.21 ,0.00 ,0.09 
278,花漾,edit,541,4.75 ,5.77 ,7.41 ,5.58 ,1.90 ,9.25 ,5.66 ,5.87 
278,花漾,oni,453,2.02 ,2.02 ,2.06 ,3.43 ,0.53 ,0.05 ,0.29 ,2.17 
279,魔法咖啡厅,oni,708,4.31 ,4.23 ,2.40 ,5.62 ,4.45 ,4.70 ,1.91 ,0.57 
280,Marble Heart,oni,487,1.40 ,1.54 ,1.31 ,2.29 ,0.77 ,4.23 ,0.00 ,0.14 
281,GO MY WAY!!,edit,568,3.49 ,3.61 ,2.59 ,5.68 ,1.94 ,7.50 ,0.00 ,0.15 
281,GO MY WAY!!,oni,555,3.36 ,3.50 ,2.55 ,4.30 ,3.85 ,7.50 ,0.51 ,0.15 
283,初音未来的消失-剧场版-,edit,999,13.78 ,13.16 ,13.44 ,13.96 ,12.06 ,14.50 ,14.92 ,14.43 
283,初音未来的消失-剧场版-,oni,765,11.17 ,10.30 ,10.21 ,9.29 ,10.48 ,9.33 ,13.17 ,10.58 
284,Kagerou Days,edit,688,7.61 ,7.52 ,6.82 ,8.36 ,7.70 ,8.67 ,6.51 ,4.66 
284,Kagerou Days,oni,480,2.30 ,2.83 ,5.45 ,2.42 ,0.41 ,8.67 ,3.10 ,1.60 
285,千本樱,edit,1000,6.15 ,5.34 ,3.40 ,7.15 ,3.58 ,1.50 ,6.94 ,2.17 
285,千本樱,oni,831,2.76 ,2.62 ,2.07 ,4.71 ,0.43 ,1.43 ,0.34 ,1.88 
286,月读命,oni,973,12.19 ,10.97 ,10.61 ,12.75 ,11.34 ,9.97 ,12.22 ,8.26 
287,Growing Up,oni,603,1.72 ,2.22 ,2.81 ,2.46 ,0.21 ,8.04 ,1.64 ,0.78 
288,mint tears,oni,765,8.99 ,8.64 ,4.96 ,9.68 ,9.51 ,7.97 ,7.45 ,1.67 
291,モンスターハンター4 メドレー,oni,722,2.88 ,3.41 ,4.28 ,3.89 ,0.55 ,0.25 ,3.02 ,4.81 
293,"Hey, Mr. Professor",oni,567,1.96 ,2.26 ,2.12 ,3.25 ,0.54 ,2.37 ,0.77 ,2.14 
294,PaPaPa Love ～肌肉欢喜的旋律～,oni,456,4.02 ,3.97 ,2.28 ,5.80 ,3.48 ,4.93 ,1.51 ,0.15 
296,如肌肉般的我们 ～肌肉爱的旋律～,oni,587,5.24 ,5.22 ,3.30 ,5.98 ,6.59 ,7.62 ,1.42 ,1.03 
297,M.S.S.Planet,oni,624,6.19 ,6.21 ,6.31 ,5.88 ,1.56 ,0.18 ,8.75 ,6.66 
298,梦幻苍空,oni,447,2.68 ,3.44 ,3.67 ,4.24 ,1.77 ,7.50 ,0.48 ,3.32 
299,無慈悲な王,oni,443,2.20 ,1.91 ,1.12 ,3.54 ,1.21 ,0.66 ,0.64 ,0.53 
300,Mulberry,oni,544,2.45 ,2.53 ,1.79 ,4.03 ,1.23 ,5.17 ,0.26 ,0.18 
301,My Mine,edit,914,9.41 ,9.19 ,7.75 ,10.38 ,8.70 ,8.83 ,8.89 ,5.98 
301,My Mine,oni,635,2.36 ,2.57 ,2.12 ,4.02 ,0.61 ,6.80 ,0.23 ,0.10 
302,报上大名（天上篇）,oni,480,7.71 ,7.08 ,5.79 ,5.48 ,3.64 ,1.31 ,11.54 ,5.40 
304,NECOLOGY,oni,656,5.04 ,5.84 ,7.17 ,4.04 ,0.36 ,0.60 ,7.66 ,8.02 
305,NEE OSHIETE,oni,404,0.69 ,0.75 ,0.84 ,0.86 ,0.00 ,0.00 ,0.83 ,0.92 
306,Xastur之魔导书,oni,560,5.25 ,6.50 ,7.88 ,4.74 ,2.16 ,9.25 ,7.39 ,7.03 
307,NINJA WA SAIKOU,oni,604,2.36 ,2.56 ,2.09 ,3.78 ,1.51 ,6.57 ,0.00 ,0.41 
308,忍者棒棒,oni,529,2.18 ,1.87 ,1.07 ,3.09 ,0.14 ,0.01 ,2.12 ,0.43 
309,Nightmare Survivor,edit,876,12.16 ,10.99 ,11.69 ,11.22 ,10.51 ,10.56 ,14.20 ,13.13 
309,Nightmare Survivor,oni,618,7.12 ,7.59 ,8.52 ,5.91 ,2.78 ,1.67 ,10.37 ,9.29 
310,脑浆炸裂GIRL,edit,710,9.19 ,9.00 ,7.79 ,10.00 ,4.50 ,8.51 ,11.41 ,6.87 
310,脑浆炸裂GIRL,oni,593,4.05 ,4.43 ,5.13 ,5.91 ,1.69 ,1.67 ,3.30 ,5.62 
311,ARUMUSIKA ac14.0V,oni,555,6.82 ,7.11 ,6.15 ,4.89 ,1.60 ,8.44 ,10.56 ,4.42 
312,よく遊びよく学べ,oni,291,0.54 ,0.51 ,0.30 ,0.94 ,0.04 ,0.05 ,0.00 ,0.20 
313,OBAKE NO OSHIGOTO,oni,427,0.87 ,0.93 ,0.80 ,1.40 ,0.24 ,0.60 ,0.50 ,0.80 
314,稍息立正站好,edit,504,4.97 ,4.23 ,2.32 ,5.61 ,1.34 ,0.05 ,6.32 ,0.46 
314,稍息立正站好,oni,288,0.51 ,0.47 ,0.24 ,0.88 ,0.05 ,0.05 ,0.00 ,0.04 
315,3Q-4U-AC00,oni,539,2.04 ,2.14 ,1.58 ,3.44 ,0.73 ,4.70 ,0.00 ,0.26 
316,KURU KURU KUROKKURU,oni,615,4.10 ,6.11 ,8.75 ,4.01 ,0.24 ,1.05 ,5.80 ,10.10 
317,KAGAMI NO KUNI NO ALICE,edit,569,4.63 ,4.76 ,3.68 ,6.29 ,1.89 ,7.75 ,4.53 ,2.48 
317,KAGAMI NO KUNI NO ALICE,oni,443,1.97 ,2.11 ,1.66 ,3.24 ,0.30 ,2.83 ,0.98 ,1.39 
318,虹色·梦色·太鼓色,edit,556,6.25 ,7.27 ,6.94 ,3.35 ,1.20 ,8.01 ,10.16 ,6.99 
318,虹色·梦色·太鼓色,oni,390,0.73 ,3.08 ,5.18 ,1.25 ,0.02 ,0.02 ,0.00 ,6.12 
319,オリオンをなぞる,oni,466,4.14 ,4.21 ,2.86 ,4.59 ,5.34 ,7.62 ,1.15 ,0.58 
321,OUBU ROUKOU,oni,639,5.77 ,6.34 ,7.36 ,4.15 ,0.49 ,0.79 ,9.00 ,8.12 
322,MIINA NO OYASHIKI,oni,607,4.58 ,4.60 ,3.45 ,4.69 ,4.81 ,7.08 ,4.12 ,2.34 
323,Phoenix,oni,555,3.39 ,3.36 ,2.01 ,5.37 ,2.27 ,4.70 ,0.00 ,0.21 
324,Phantom Rider,edit,765,8.83 ,9.92 ,11.36 ,6.17 ,9.06 ,12.63 ,10.54 ,11.88 
324,Phantom Rider,oni,697,4.09 ,5.50 ,7.54 ,3.71 ,0.22 ,0.02 ,5.97 ,8.64 
331,シン?ゾンビ,oni,794,9.98 ,9.67 ,12.02 ,11.25 ,11.21 ,15.22 ,6.56 ,2.94 
332,PON PON PON,oni,407,1.03 ,1.39 ,1.91 ,1.73 ,0.03 ,0.00 ,0.39 ,2.18 
333,崖上的波妞,oni,225,0.00 ,0.26 ,0.34 ,0.00 ,0.00 ,0.00 ,0.00 ,0.40 
335,Purple Rose Fusion,oni,876,12.28 ,11.21 ,10.76 ,12.95 ,10.65 ,11.59 ,12.87 ,5.98 
336,Infinite Rebellion,oni,1304,15.33 ,15.47 ,15.40 ,15.50 ,15.47 ,14.50 ,14.74 ,12.55 
337,PURU PURU Simple,oni,652,5.34 ,8.20 ,10.52 ,6.13 ,2.33 ,7.50 ,6.43 ,11.87 
338,北埼玉2000,oni,802,11.99 ,10.98 ,10.81 ,11.81 ,11.41 ,9.95 ,12.50 ,10.05 
339,"Jump Up, Super Star! Short Version",oni,410,0.86 ,4.16 ,7.02 ,1.28 ,0.01 ,0.02 ,0.76 ,8.30 
340,決戦！！,oni,538,5.33 ,4.59 ,2.58 ,4.80 ,3.59 ,1.43 ,6.96 ,0.84 
341,Walking Through The Towers,oni,481,2.61 ,2.27 ,1.37 ,4.48 ,0.36 ,0.60 ,0.00 ,0.76 
342,OMOI WO TENI NEGAI WO KOMETE,oni,581,3.79 ,3.89 ,2.98 ,4.83 ,1.89 ,7.50 ,3.95 ,1.56 
343,URBAN FRAGMENTS,oni,375,5.37 ,5.80 ,6.59 ,1.33 ,0.99 ,0.14 ,9.09 ,7.23 
344,RAINMAKER,oni,589,3.43 ,3.38 ,1.92 ,5.11 ,2.23 ,4.00 ,1.95 ,0.31 
345,拉面 德 呦-面!!,oni,487,1.08 ,1.50 ,2.09 ,1.11 ,0.02 ,0.00 ,1.50 ,2.40 
346,Red Rose Evangel,oni,765,6.36 ,6.26 ,3.90 ,7.42 ,6.34 ,7.03 ,4.97 ,2.08 
347,Reviver,oni,765,3.75 ,3.81 ,3.62 ,5.60 ,1.30 ,2.37 ,2.95 ,3.69 
348,Lightning Passion,edit,765,6.67 ,7.23 ,7.71 ,7.02 ,1.86 ,4.23 ,8.90 ,8.26 
348,Lightning Passion,oni,577,2.59 ,2.69 ,2.03 ,3.08 ,0.68 ,4.23 ,3.15 ,1.40 
349,汪喵世界,oni,765,5.97 ,5.87 ,3.57 ,7.01 ,6.07 ,6.57 ,4.43 ,1.72 
350,Saika,oni,593,4.43 ,3.84 ,2.42 ,3.12 ,0.40 ,0.00 ,6.94 ,1.55 
351,EDY -Electrical Dancing Yoga-,oni,765,9.21 ,9.61 ,9.52 ,6.66 ,9.39 ,8.55 ,10.90 ,10.46 
352,Robot Rock ’n’ Roll ☆,oni,500,1.79 ,2.08 ,1.94 ,3.07 ,0.31 ,6.57 ,0.00 ,0.15 
353,ロックン?ハート！,oni,384,1.19 ,1.66 ,1.90 ,2.02 ,0.32 ,6.80 ,0.00 ,0.16 
354,埼玉2000,oni,570,5.11 ,5.17 ,5.88 ,5.23 ,3.85 ,8.67 ,5.93 ,2.56 
355,又埼玉2000,oni,835,11.52 ,11.15 ,11.27 ,10.33 ,11.94 ,11.00 ,12.02 ,9.60 
356,快埼玉2000,oni,570,11.25 ,10.82 ,11.11 ,9.20 ,10.55 ,11.58 ,13.38 ,10.73 
357,Ridge Racer,edit,944,7.89 ,8.77 ,10.13 ,7.10 ,1.04 ,0.05 ,11.53 ,11.92 
358,オパ！オパ！RACER - GMT mashup -,oni,682,7.51 ,7.54 ,7.68 ,7.89 ,7.14 ,5.63 ,7.34 ,7.92 
359,RIDGE RACER STEPS -GMT remix-,oni,536,4.69 ,7.87 ,10.36 ,3.14 ,4.08 ,7.50 ,6.23 ,11.76 
360,Angel Halo,oni,898,11.58 ,10.84 ,10.56 ,11.02 ,11.51 ,10.07 ,12.00 ,7.53 
361,Venomous,edit,765,10.03 ,9.92 ,9.80 ,9.47 ,10.30 ,10.07 ,10.12 ,8.07 
361,Venomous,oni,765,9.18 ,8.95 ,8.56 ,8.12 ,7.65 ,10.07 ,11.20 ,6.49 
363,Kamikaze Remix,oni,737,9.82 ,8.67 ,6.46 ,9.42 ,4.87 ,2.42 ,13.17 ,5.41 
364,RAGE v.self,oni,545,4.02 ,3.82 ,3.46 ,4.02 ,0.90 ,0.14 ,5.57 ,3.46 
365,燎原ノ舞,oni,822,12.74 ,10.93 ,10.32 ,13.58 ,11.18 ,9.76 ,13.12 ,5.94 
366,你的光芒,edit,724,2.81 ,2.39 ,1.29 ,4.81 ,0.18 ,0.00 ,0.47 ,0.00 
366,你的光芒,oni,382,0.73 ,0.74 ,0.33 ,1.25 ,0.01 ,0.00 ,0.00 ,0.00 
367,KAZE NO KUNI NO RYUU TO KISHI,oni,624,4.16 ,3.81 ,2.15 ,4.41 ,4.73 ,2.83 ,3.07 ,0.74 
368,散步,edit,816,4.46 ,4.50 ,2.91 ,7.32 ,2.28 ,7.50 ,0.00 ,0.45 
368,散步,oni,371,0.33 ,0.35 ,0.32 ,0.56 ,0.00 ,0.00 ,0.00 ,0.33 
369,【限定】ジングルベル第765番,oni,417,4.86 ,5.31 ,6.59 ,3.94 ,1.60 ,8.96 ,7.20 ,3.81 
372,旋风ノ舞【地】,oni,693,4.62 ,4.18 ,2.34 ,7.02 ,2.19 ,2.83 ,3.05 ,0.71 
374,紅蓮の弓矢,oni,510,5.41 ,5.39 ,3.71 ,5.42 ,7.20 ,7.61 ,2.30 ,2.14 
375,Shiny Kung-fu Revival,oni,765,11.14 ,10.56 ,10.54 ,9.61 ,11.11 ,9.96 ,12.31 ,10.13 
377,KOI NO SHOHOUSEN,oni,361,1.63 ,3.84 ,5.40 ,2.45 ,0.42 ,7.79 ,1.30 ,5.79 
378,马尾和发圈,oni,467,1.91 ,1.91 ,1.16 ,3.00 ,1.35 ,2.83 ,0.00 ,0.00 
380,Rain,oni,299,2.97 ,2.83 ,2.59 ,1.56 ,0.41 ,0.10 ,4.85 ,2.60 
381,嘘,oni,419,1.16 ,1.74 ,2.10 ,2.00 ,0.10 ,7.50 ,0.00 ,0.18 
383,Dragon Night,oni,535,7.25 ,7.13 ,4.60 ,5.23 ,8.75 ,7.85 ,7.20 ,2.68 
384,RPG,oni,345,0.69 ,0.62 ,0.39 ,1.18 ,0.02 ,0.01 ,0.00 ,0.26 
385,樱桃,oni,386,5.42 ,5.29 ,2.85 ,7.44 ,5.57 ,5.17 ,0.73 ,0.16 
386,情书2000,oni,777,8.78 ,8.57 ,6.51 ,10.17 ,10.53 ,8.67 ,3.75 ,1.98 
387,SMOKY THRILL,oni,492,4.32 ,5.15 ,6.49 ,2.25 ,0.26 ,0.23 ,7.09 ,7.31 
388,恭喜毕业典礼,oni,797,11.95 ,10.48 ,9.72 ,12.44 ,10.89 ,9.29 ,12.24 ,4.82 
389,SORA-I Earth Rise,oni,450,7.20 ,8.64 ,8.86 ,4.15 ,1.03 ,8.43 ,11.63 ,9.49 
390,SORA-II 格利泽581,oni,567,3.03 ,2.63 ,1.68 ,2.58 ,0.04 ,0.00 ,4.52 ,1.12 
391,SORA-VI 火ノ鸟,oni,666,6.84 ,6.40 ,4.64 ,6.08 ,3.20 ,5.01 ,9.56 ,3.71 
392,珠算2000,oni,765,10.64 ,9.87 ,10.31 ,7.97 ,10.83 ,11.06 ,12.44 ,6.26 
393,双龙之乱,oni,970,14.12 ,14.00 ,13.64 ,14.76 ,15.50 ,14.74 ,11.52 ,8.98 
394,宇宙SAMURAI,oni,765,5.32 ,5.08 ,4.66 ,6.21 ,0.90 ,0.05 ,6.68 ,4.69 
395,junction,oni,604,7.79 ,7.23 ,6.16 ,5.05 ,0.88 ,0.02 ,12.38 ,5.93 
396,super star shooter,oni,654,4.32 ,4.25 ,2.42 ,5.88 ,4.49 ,5.19 ,0.65 ,0.13 
397,STAGE 0.ac11,oni,765,6.84 ,7.22 ,7.99 ,4.64 ,0.85 ,0.08 ,10.79 ,8.70 
398,KANADEA,oni,643,3.66 ,6.03 ,7.62 ,3.27 ,0.38 ,5.73 ,5.37 ,8.61 
399,Pico Pico Ruin,edit,1000,11.01 ,9.78 ,8.57 ,10.91 ,10.28 ,7.87 ,11.60 ,1.84 
399,Pico Pico Ruin,oni,876,8.97 ,8.60 ,4.96 ,8.57 ,10.22 ,7.85 ,7.78 ,1.75 
400,Sacred Ruin,edit,1000,11.01 ,9.78 ,8.57 ,10.91 ,10.28 ,7.87 ,11.60 ,1.84 
400,Sacred Ruin,oni,876,8.97 ,8.60 ,4.96 ,8.57 ,10.22 ,7.85 ,7.78 ,1.75 
401,吸哈2000,oni,668,11.87 ,12.13 ,13.08 ,11.38 ,12.45 ,13.33 ,11.53 ,14.03 
402,Rotter Tarmination,edit,943,12.25 ,11.88 ,11.71 ,12.88 ,11.26 ,14.50 ,12.33 ,9.52 
402,Rotter Tarmination,oni,681,6.95 ,6.88 ,6.28 ,7.28 ,6.96 ,8.67 ,6.46 ,3.16 
403,RUMBLE乱舞,edit,765,5.62 ,6.45 ,6.25 ,6.91 ,2.57 ,6.85 ,6.25 ,6.38 
403,RUMBLE乱舞,oni,625,3.16 ,3.54 ,6.65 ,4.72 ,2.22 ,9.78 ,1.54 ,1.75 
404,禁食2000,oni,821,8.66 ,7.83 ,4.58 ,9.75 ,7.68 ,5.41 ,8.25 ,2.05 
405,软软战车,edit,889,9.60 ,8.13 ,4.45 ,13.30 ,3.05 ,0.70 ,9.32 ,0.58 
405,软软战车,oni,488,1.93 ,2.09 ,2.33 ,3.21 ,0.16 ,0.62 ,0.86 ,2.54 
406,TSUN-DERE Café E YOKOSO☆,oni,555,5.55 ,8.48 ,10.13 ,3.45 ,1.11 ,8.46 ,8.85 ,11.81 
407,Wasabi Body Blow,oni,959,8.55 ,8.19 ,4.71 ,10.88 ,8.96 ,7.50 ,4.27 ,1.91 
408,Highschool love!,oni,387,1.27 ,1.10 ,0.65 ,2.19 ,0.14 ,0.03 ,0.00 ,0.34 
410,天妖ノ舞,oni,687,5.44 ,5.46 ,3.59 ,7.64 ,5.25 ,6.11 ,1.31 ,2.35 
411,花开艳丽终散落,oni,363,3.22 ,2.93 ,2.32 ,2.77 ,0.36 ,0.03 ,4.79 ,2.11 
412,Night of Knights / Knight of Nights,oni,651,6.88 ,6.88 ,7.31 ,7.96 ,7.48 ,9.81 ,4.61 ,3.58 
413,Bad Apple!! feat.nomico,oni,544,2.62 ,2.79 ,3.11 ,3.89 ,0.28 ,0.03 ,2.26 ,3.39 
414,琪露诺的完美算术教室,edit,939,11.23 ,9.61 ,8.42 ,11.98 ,8.85 ,7.87 ,12.34 ,4.76 
414,琪露诺的完美算术教室,oni,692,5.28 ,5.38 ,3.60 ,7.65 ,4.92 ,6.33 ,0.00 ,2.43 
415,太鼓ラブ！,oni,521,1.10 ,1.73 ,2.54 ,1.89 ,0.03 ,0.05 ,0.00 ,2.95 
416,"Help me, ERINNNNNN!!",oni,542,4.65 ,5.33 ,5.30 ,4.47 ,6.19 ,7.90 ,2.41 ,5.09 
417,Grip & Break down !! -达人Edit.-,edit,777,8.44 ,7.57 ,5.72 ,8.44 ,5.33 ,2.83 ,10.55 ,4.89 
417,Grip & Break down !! -达人Edit.-,oni,495,1.19 ,1.42 ,1.38 ,2.00 ,0.44 ,2.83 ,0.00 ,1.20 
418,幻想のサテライト,oni,611,8.20 ,8.85 ,9.40 ,6.20 ,10.03 ,10.42 ,7.76 ,8.64 
419,ケロ⑨destiny,oni,769,10.29 ,9.04 ,5.68 ,10.07 ,8.13 ,5.63 ,12.11 ,3.24 
420,月隐於丛云花散於风,oni,382,1.61 ,1.84 ,1.83 ,2.46 ,0.89 ,2.83 ,0.92 ,1.76 
421,Necro Fantasia ～ Arr.Demetori,oni,1160,9.23 ,8.64 ,4.73 ,11.50 ,10.00 ,7.50 ,4.48 ,0.44 
422,NeGa/PoSi*ラブ/コール,edit,776,4.44 ,4.48 ,2.90 ,5.55 ,4.91 ,7.57 ,1.84 ,0.27 
422,NeGa/PoSi*ラブ/コール,oni,642,1.83 ,1.96 ,1.57 ,3.09 ,0.60 ,4.93 ,0.00 ,0.12 
423,Endless Seeker,oni,644,4.95 ,5.34 ,5.54 ,5.87 ,1.75 ,3.53 ,5.93 ,5.87 
424,東京ソーダ 8Bit Edit,oni,745,6.39 ,6.25 ,3.45 ,7.73 ,6.89 ,6.34 ,3.72 ,0.72 
425,Taiko Time,edit,876,11.32 ,9.42 ,11.59 ,11.18 ,7.21 ,5.98 ,14.24 ,12.11 
425,Taiko Time,oni,765,8.10 ,8.86 ,10.72 ,9.47 ,5.11 ,5.17 ,8.86 ,11.79 
426,The arrow was shot,oni,693,3.55 ,3.69 ,3.01 ,3.74 ,4.54 ,7.58 ,1.67 ,1.74 
427,God Ray,oni,777,12.12 ,11.02 ,11.02 ,11.97 ,10.55 ,12.05 ,13.45 ,6.96 
428,东京特许Kyo许可局局长!!,oni,840,6.13 ,6.75 ,7.52 ,6.67 ,2.75 ,4.00 ,7.71 ,8.15 
429,光る闇,oni,387,2.75 ,2.69 ,1.47 ,3.62 ,2.49 ,2.83 ,1.76 ,0.06 
430,隔壁的龙猫,oni,296,0.24 ,0.27 ,0.11 ,0.41 ,0.01 ,0.00 ,0.00 ,0.00 
431,超幸运！七福快乐团组员,oni,777,7.58 ,7.47 ,5.53 ,9.02 ,7.64 ,8.18 ,5.53 ,3.87 
432,被遗忘的提尔纳诺,oni,794,6.87 ,6.60 ,3.61 ,9.72 ,5.21 ,5.98 ,4.28 ,0.80 
433,Angel Dream,edit,906,6.98 ,6.84 ,3.80 ,9.22 ,7.23 ,7.50 ,2.63 ,0.18 
433,Angel Dream,oni,765,5.16 ,5.14 ,3.25 ,7.25 ,5.02 ,7.50 ,1.09 ,1.07 
434,俄罗斯民谣组曲,oni,468,1.40 ,1.74 ,2.25 ,2.18 ,0.20 ,0.23 ,1.03 ,2.55 
435,戦え！ T3防衛隊 ～GDI mix～,oni,583,2.50 ,4.36 ,5.73 ,3.34 ,1.34 ,7.74 ,2.35 ,6.16 
436,兔子的尾巴,oni,521,1.86 ,2.02 ,1.72 ,2.92 ,1.05 ,5.17 ,0.83 ,0.65 
437,友情POP,oni,594,1.08 ,1.51 ,1.75 ,1.75 ,0.36 ,6.10 ,0.48 ,0.48 
438,银河奥特曼之歌,oni,818,8.64 ,8.38 ,4.80 ,8.55 ,10.12 ,7.88 ,6.77 ,1.64 
440,傍晚时分,oni,657,7.37 ,7.76 ,8.57 ,6.64 ,3.53 ,2.85 ,10.23 ,9.27 
441,χ谈,oni,951,12.59 ,12.51 ,12.64 ,10.40 ,12.26 ,12.86 ,14.53 ,13.22 
442,VERTeX,oni,806,11.40 ,10.89 ,11.04 ,9.89 ,10.53 ,10.83 ,13.28 ,11.41 
443,如夕颜般的你,oni,480,4.03 ,4.06 ,4.14 ,2.40 ,0.09 ,0.00 ,6.52 ,4.38 
444,特雷门狂想曲,oni,401,2.47 ,4.55 ,5.99 ,2.15 ,0.40 ,5.67 ,3.64 ,6.72 
445,ORESAMA Pirate,oni,663,6.08 ,6.59 ,8.03 ,5.48 ,4.57 ,9.95 ,7.66 ,6.19 
446,ワールズエンド?ダンスホール,oni,700,7.26 ,7.10 ,6.88 ,7.73 ,7.52 ,5.40 ,6.33 ,6.90 
447,White Rose Insanity,edit,666,6.66 ,6.02 ,4.65 ,5.33 ,0.89 ,0.03 ,10.12 ,4.14 
447,White Rose Insanity,oni,494,3.17 ,2.99 ,2.63 ,2.74 ,0.23 ,0.03 ,4.72 ,2.60 
448,三濑川乱舞,edit,639,8.12 ,8.98 ,10.21 ,6.28 ,7.27 ,11.12 ,10.15 ,9.83 
448,三濑川乱舞,oni,450,3.79 ,3.88 ,4.08 ,1.90 ,0.06 ,0.00 ,6.24 ,4.37 
449,Asteroid,oni,784,8.82 ,8.95 ,8.40 ,7.38 ,2.58 ,8.18 ,13.03 ,8.33 
450,浓红,oni,950,10.53 ,10.08 ,10.35 ,7.99 ,11.49 ,9.83 ,11.53 ,7.77 
451,Xa,edit,904,14.08 ,13.94 ,13.37 ,14.20 ,14.56 ,13.92 ,13.19 ,9.15 
451,Xa,oni,675,8.25 ,8.29 ,6.80 ,8.31 ,2.12 ,8.63 ,11.32 ,4.41 
452,X-DAY2000,oni,765,11.08 ,9.91 ,8.80 ,11.80 ,10.46 ,8.08 ,10.74 ,3.11 
453,红,oni,999,6.70 ,5.79 ,3.40 ,8.88 ,4.46 ,1.97 ,5.86 ,1.58 
454,YAMATAI ★ Night Party,oni,777,8.64 ,8.44 ,5.60 ,8.23 ,10.30 ,8.08 ,6.87 ,3.46 
455,丰穰弥生,oni,441,4.37 ,5.05 ,6.06 ,3.08 ,0.29 ,1.61 ,6.86 ,6.75 
456,INSPION,oni,1052,11.10 ,10.05 ,9.59 ,9.22 ,10.24 ,9.98 ,13.24 ,4.90 
457,ダンバ?ダンバ?ディン?ダン,edit,1142,10.40 ,11.66 ,12.20 ,11.74 ,11.65 ,11.87 ,6.84 ,13.83 
457,ダンバ?ダンバ?ディン?ダン,oni,683,4.05 ,4.24 ,6.35 ,5.11 ,3.42 ,9.18 ,3.28 ,2.05 
458,利敦瓦纳的黄昏,oni,605,6.71 ,7.18 ,6.60 ,3.97 ,0.31 ,5.86 ,10.84 ,6.65 
459,Dun Aonghasa的吹笛手,oni,553,5.01 ,5.54 ,5.17 ,3.05 ,0.10 ,4.73 ,8.07 ,5.26 
460,ようかい体操第一,oni,272,0.54 ,0.49 ,0.25 ,0.92 ,0.09 ,0.00 ,0.00 ,0.01 
461,有得忙2000,oni,657,7.82 ,7.66 ,4.49 ,7.03 ,10.13 ,7.85 ,5.42 ,1.66 
462,CHIRIYUKU RAN NO TSUZURU UTA,oni,701,6.83 ,6.75 ,4.98 ,8.36 ,5.60 ,7.50 ,6.10 ,3.89 
463,幽玄之乱,oni,1262,15.40 ,15.36 ,15.02 ,15.46 ,15.50 ,14.50 ,14.96 ,7.19 
465,妖怪ウォッチ2 元祖／本家／真打,oni,666,5.96 ,6.94 ,7.80 ,5.25 ,2.00 ,9.25 ,8.60 ,6.64 
466,ダン?ダン ドゥビ?ズバー！,oni,384,1.91 ,2.25 ,1.16 ,2.90 ,1.55 ,2.83 ,0.00 ,0.00 
467,初恋峠でゲラゲラポー,oni,282,1.07 ,0.99 ,0.83 ,1.59 ,0.09 ,0.00 ,0.92 ,0.79 
468,祭り囃子でゲラゲラポー,oni,292,0.83 ,0.73 ,0.43 ,1.42 ,0.05 ,0.00 ,0.00 ,0.23 
469,MIRAI ENO KAGI,oni,468,1.06 ,0.90 ,0.51 ,1.68 ,0.02 ,0.00 ,0.71 ,0.17 
470,ZERO NO NOCTURNE,edit,822,7.78 ,8.14 ,8.95 ,7.38 ,2.38 ,1.26 ,10.93 ,9.69 
470,ZERO NO NOCTURNE,oni,615,3.02 ,2.81 ,2.41 ,4.98 ,0.95 ,0.61 ,1.13 ,2.32 
471,ZERO NO RHAPSODY,oni,835,7.50 ,7.34 ,4.09 ,8.19 ,9.35 ,7.68 ,3.49 ,0.79 
472,BORDERLESS,oni,670,7.52 ,7.37 ,4.11 ,6.49 ,10.00 ,7.73 ,5.04 ,0.56 
473,ECCENTRICw,oni,692,3.93 ,3.95 ,3.25 ,5.65 ,2.62 ,5.63 ,2.67 ,2.65 
474,查尔斯,oni,381,3.98 ,5.11 ,5.46 ,2.75 ,0.75 ,5.69 ,6.23 ,5.82 
477,紫煌之乱,oni,823,12.39 ,11.45 ,11.92 ,12.68 ,10.76 ,13.01 ,13.35 ,10.15 
478,THE IDOLM@STER,edit,555,3.14 ,3.19 ,2.35 ,3.66 ,1.29 ,4.00 ,3.77 ,1.78 
478,THE IDOLM@STER,oni,765,8.19 ,7.24 ,3.92 ,9.33 ,6.50 ,4.00 ,8.35 ,0.19 
479,Thank You!,oni,500,2.22 ,2.61 ,2.86 ,2.84 ,1.84 ,6.80 ,1.77 ,2.31 
480,魔法をかけて！,edit,527,1.22 ,1.13 ,0.59 ,2.08 ,0.19 ,0.60 ,0.27 ,0.00 
480,魔法をかけて！,oni,444,1.00 ,1.20 ,1.34 ,1.69 ,0.21 ,0.60 ,0.32 ,1.47 
481,shiny smile,edit,475,2.08 ,2.20 ,1.68 ,3.55 ,0.53 ,5.17 ,0.00 ,0.13 
481,shiny smile,oni,555,3.83 ,3.82 ,2.35 ,5.51 ,3.58 ,5.17 ,0.51 ,0.83 
482,GOIN'!!!,edit,513,4.44 ,4.45 ,2.81 ,4.21 ,6.32 ,7.03 ,0.82 ,0.49 
482,GOIN'!!!,oni,346,0.63 ,1.39 ,1.91 ,1.08 ,0.16 ,7.03 ,0.00 ,0.15 
483,待ち受けプリンス,oni,600,4.97 ,5.03 ,3.53 ,4.33 ,1.72 ,5.25 ,7.18 ,2.72 
484,Magic day...!?,oni,520,1.93 ,1.66 ,0.98 ,3.17 ,1.00 ,0.05 ,0.00 ,0.48 
487,ラッスンゴレライ,edit,806,6.46 ,5.92 ,3.21 ,8.63 ,5.55 ,4.47 ,4.31 ,0.16 
487,ラッスンゴレライ,oni,556,2.04 ,2.12 ,1.53 ,3.43 ,0.72 ,4.47 ,0.26 ,0.22 
488,SHUUGAKU TRAVELERS,oni,721,5.73 ,5.61 ,3.07 ,6.53 ,5.93 ,5.63 ,4.44 ,0.48 
489,R.Y.U.S.E.I.,oni,371,1.22 ,3.03 ,4.34 ,1.12 ,0.08 ,7.89 ,1.78 ,4.32 
491,華振舞,oni,932,7.80 ,7.80 ,8.48 ,8.16 ,6.63 ,11.03 ,8.37 ,5.08 
492,愛唄,oni,145,0.05 ,0.80 ,1.35 ,0.09 ,0.00 ,0.00 ,0.00 ,1.60 
493,ウルトラマンX,edit,1035,11.69 ,10.51 ,10.35 ,10.45 ,10.09 ,9.95 ,13.92 ,10.37 
493,ウルトラマンX,oni,552,0.99 ,1.51 ,2.17 ,1.66 ,0.40 ,0.38 ,0.00 ,2.51 
495,郢曲／晓暗,oni,993,11.93 ,11.02 ,12.03 ,10.99 ,10.35 ,9.25 ,13.91 ,14.99 
496,深绯之心脏 -SCARLET HEART-,oni,666,6.65 ,5.96 ,4.42 ,5.21 ,1.49 ,0.16 ,10.09 ,3.77 
497,Raiko-Taiko-Disco,oni,666,4.41 ,5.80 ,7.85 ,3.71 ,0.09 ,0.14 ,6.62 ,8.97 
498,Ladystar Wandering,oni,521,5.20 ,6.08 ,7.52 ,2.43 ,0.42 ,0.02 ,8.62 ,8.44 
499,搭车咚2000,oni,936,10.64 ,10.00 ,9.53 ,10.70 ,10.24 ,8.89 ,10.77 ,9.00 
500,迈向希望的旋律,edit,931,10.13 ,9.71 ,10.12 ,11.86 ,9.39 ,11.18 ,8.66 ,7.92 
500,迈向希望的旋律,oni,672,3.29 ,3.22 ,1.78 ,5.42 ,1.09 ,3.30 ,1.25 ,0.39 
501,Cross Blue,oni,962,7.58 ,7.72 ,6.48 ,8.85 ,8.31 ,7.50 ,4.80 ,6.00 
502,女帝～Imbiratula～,oni,648,4.82 ,7.04 ,9.47 ,3.40 ,0.90 ,10.91 ,7.52 ,8.96 
503,奔驰的查理！,oni,858,13.08 ,12.56 ,12.50 ,14.48 ,12.98 ,12.29 ,11.36 ,6.09 
504,Abyss of hell,edit,1100,11.50 ,9.79 ,10.16 ,11.63 ,7.38 ,11.10 ,14.22 ,9.53 
504,Abyss of hell,oni,850,4.48 ,5.79 ,7.25 ,6.66 ,2.17 ,4.00 ,3.21 ,8.13 
505,夏季衣著☆,oni,728,3.15 ,3.07 ,1.64 ,5.33 ,1.04 ,2.83 ,0.00 ,0.09 
506,チェインクロニクル 通常バトルメドレー,edit,778,7.89 ,7.08 ,4.51 ,9.73 ,6.02 ,4.53 ,7.32 ,2.81 
506,チェインクロニクル 通常バトルメドレー,oni,588,3.58 ,3.63 ,2.58 ,5.90 ,1.24 ,4.00 ,1.30 ,1.98 
507,チェインクロニクル 最終決戦メドレー,edit,820,8.31 ,8.17 ,7.62 ,10.73 ,8.20 ,10.52 ,4.75 ,1.60 
507,チェインクロニクル 最終決戦メドレー,oni,713,4.88 ,4.81 ,2.76 ,7.66 ,3.39 ,5.63 ,0.60 ,0.68 
510,Break Line,oni,603,4.33 ,4.39 ,3.07 ,4.08 ,5.74 ,7.78 ,2.43 ,1.00 
511,Shine!!,edit,546,6.35 ,6.21 ,3.93 ,7.94 ,6.27 ,6.10 ,4.12 ,2.45 
511,Shine!!,oni,346,1.27 ,1.92 ,1.73 ,2.10 ,0.62 ,6.10 ,0.00 ,0.00 
512,DRIVE A LIVE,oni,456,1.46 ,1.59 ,1.83 ,2.45 ,0.08 ,0.05 ,0.54 ,2.02 
513,朱之旋律,oni,902,11.09 ,9.89 ,9.02 ,13.06 ,10.46 ,8.08 ,9.21 ,5.46 
514,圣德太鼓的「日出为止飞鸟」,oni,814,8.14 ,8.04 ,7.38 ,7.33 ,7.10 ,8.67 ,9.60 ,5.96 
515,DREAMERS' PARADISE,oni,488,1.39 ,1.22 ,0.82 ,2.04 ,0.24 ,0.00 ,1.23 ,0.61 
516,それは僕たちの奇跡,oni,377,1.47 ,1.94 ,2.14 ,1.96 ,1.61 ,7.50 ,0.00 ,0.14 
517,夜明けまであと3秒,oni,814,10.30 ,9.96 ,10.64 ,9.54 ,10.10 ,12.26 ,11.01 ,6.09 
518,!!!Chaos Time!!!,oni,987,14.06 ,13.90 ,13.98 ,13.25 ,13.77 ,13.94 ,14.86 ,13.70 
519,秋龙 ～Shiuryu～,edit,1045,12.15 ,11.29 ,10.84 ,13.35 ,10.73 ,11.29 ,12.02 ,8.09 
519,秋龙 ～Shiuryu～,oni,750,8.38 ,8.21 ,5.60 ,8.07 ,10.39 ,8.32 ,5.93 ,2.41 
520,Silent Jealousy,edit,1408,11.02 ,9.78 ,8.59 ,12.98 ,10.14 ,7.68 ,9.42 ,3.74 
520,Silent Jealousy,oni,1071,7.29 ,7.25 ,5.50 ,7.86 ,8.84 ,7.68 ,4.17 ,4.54 
523,Synchronicity,oni,441,4.23 ,5.84 ,6.70 ,2.88 ,0.30 ,8.06 ,6.67 ,7.05 
524,New World,oni,725,9.74 ,9.45 ,9.09 ,9.08 ,8.00 ,9.25 ,11.60 ,8.75 
525,Libra Express runs at night,oni,669,7.22 ,7.09 ,4.44 ,7.51 ,9.19 ,7.50 ,3.71 ,2.55 
526,Heaven's Rider,oni,714,10.24 ,9.70 ,11.47 ,6.51 ,8.03 ,10.12 ,14.28 ,14.30 
527,Marionette Pure,oni,619,6.98 ,7.89 ,7.52 ,6.84 ,1.33 ,8.49 ,9.79 ,7.12 
530,I my moko,oni,465,2.01 ,1.88 ,1.65 ,2.87 ,0.19 ,0.10 ,1.92 ,1.61 
534,Angelic Angel,oni,554,2.19 ,2.43 ,2.10 ,3.73 ,0.55 ,3.03 ,0.00 ,1.96 
535,GEEDの証,oni,410,1.72 ,1.74 ,1.14 ,2.75 ,1.11 ,2.37 ,0.00 ,0.61 
536,Lost one的恸哭,oni,799,5.93 ,5.40 ,4.28 ,6.52 ,4.20 ,3.30 ,6.63 ,3.76 
537,Gigantic O.T.N.,edit,1083,10.91 ,9.92 ,8.93 ,12.69 ,10.41 ,8.79 ,9.13 ,2.86 
537,Gigantic O.T.N.,oni,889,7.93 ,7.78 ,5.01 ,8.58 ,8.18 ,8.13 ,6.76 ,2.52 
538,最终鬼畜妹Frandre?S,oni,945,10.81 ,10.20 ,10.34 ,12.40 ,10.78 ,11.33 ,8.72 ,5.04 
539,Scream out！ -達人Edit.-,edit,999,10.78 ,9.30 ,10.05 ,10.73 ,8.18 ,11.43 ,12.76 ,8.21 
539,Scream out！ -達人Edit.-,oni,792,4.34 ,4.39 ,3.55 ,5.53 ,2.47 ,4.00 ,4.37 ,3.24 
540,明星Rocket,oni,560,5.13 ,6.06 ,6.68 ,6.26 ,5.06 ,5.48 ,3.64 ,7.19 
541,本能寺の変,oni,473,4.99 ,5.69 ,7.64 ,4.42 ,3.78 ,9.67 ,6.33 ,5.78 
542,ドラゴンボールヒーローズ ゴッドミッションシリーズ テーマソング,oni,389,2.49 ,2.75 ,2.36 ,3.17 ,2.89 ,7.51 ,0.00 ,0.47 
543,アイ MUST GO!,oni,414,1.82 ,4.44 ,7.16 ,1.25 ,0.02 ,0.06 ,2.88 ,8.42 
544,Dr.WILY STAGE 1,oni,609,5.35 ,5.32 ,3.20 ,7.98 ,4.51 ,7.50 ,0.92 ,0.31 
545,TO MAKE THE END OF BATTLE,oni,602,5.90 ,5.18 ,3.52 ,5.17 ,0.15 ,0.00 ,8.74 ,2.64 
546,指先からはじまる物語,oni,765,9.09 ,8.74 ,5.60 ,10.58 ,9.96 ,8.11 ,5.80 ,3.17 
547,ワンダーモモーイ,oni,549,2.35 ,2.53 ,2.03 ,3.80 ,1.29 ,6.34 ,0.52 ,0.35 
548,Love Fantasy,oni,649,4.76 ,4.80 ,3.95 ,5.93 ,3.39 ,7.68 ,4.52 ,2.99 
549,KAGUTSUCHI,oni,716,9.63 ,10.26 ,10.85 ,8.30 ,9.70 ,10.56 ,10.59 ,12.05 
550,KUSANAGI,oni,745,9.35 ,9.32 ,9.63 ,9.38 ,10.61 ,12.75 ,7.66 ,4.81 
551,蝶恋,edit,553,5.70 ,7.28 ,9.61 ,4.41 ,1.77 ,11.70 ,8.59 ,8.12 
551,蝶恋,oni,445,1.77 ,1.58 ,1.15 ,1.97 ,0.05 ,0.00 ,2.34 ,0.95 
552,EAT'EM UP!,oni,602,4.65 ,6.33 ,7.33 ,5.20 ,1.07 ,5.75 ,5.99 ,8.10 
553,BLAZING VORTEX,edit,1208,12.48 ,11.90 ,11.09 ,14.46 ,10.82 ,12.14 ,11.65 ,2.52 
553,BLAZING VORTEX,oni,797,4.59 ,4.55 ,2.68 ,6.65 ,4.27 ,5.87 ,0.36 ,0.62 
554,黑船来航,oni,661,4.72 ,4.38 ,3.72 ,5.22 ,0.45 ,0.02 ,6.21 ,3.57 
555,≠MM,oni,1290,13.81 ,12.98 ,13.31 ,14.58 ,12.66 ,11.70 ,13.87 ,12.03 
556,私以外私じゃないの,oni,344,1.64 ,2.45 ,3.54 ,2.43 ,0.18 ,0.02 ,1.42 ,4.09 
558,All In My Heart,oni,704,8.71 ,8.72 ,9.56 ,8.50 ,10.55 ,13.20 ,6.41 ,3.55 
559,TOORIYO,oni,664,3.42 ,4.39 ,4.82 ,5.17 ,2.45 ,7.74 ,1.38 ,4.77 
560,Choco Chiptune.,oni,640,5.01 ,5.12 ,6.55 ,2.75 ,2.41 ,9.25 ,7.81 ,2.47 
561,KAGAYAKI WO MOTOMETE,oni,471,4.81 ,4.91 ,6.03 ,3.81 ,5.98 ,8.67 ,4.29 ,3.31 
565,放学後☆魔术师,oni,585,2.56 ,2.52 ,1.43 ,3.74 ,2.32 ,2.88 ,0.24 ,0.30 
566,凛,oni,672,7.67 ,7.26 ,4.86 ,7.78 ,7.15 ,6.30 ,7.94 ,3.40 
567,Audio DE KA!,oni,576,4.92 ,4.26 ,2.64 ,3.88 ,1.55 ,0.09 ,7.36 ,1.61 
568,私立高天原学园高中?校歌,oni,829,8.79 ,8.70 ,8.10 ,8.44 ,9.64 ,8.67 ,8.06 ,7.43 
569,My Muscle Heart,oni,834,9.19 ,9.01 ,7.29 ,9.03 ,10.16 ,8.76 ,8.11 ,4.88 
570,Ghost Mask,oni,899,10.56 ,10.48 ,11.21 ,10.83 ,10.47 ,12.42 ,10.18 ,9.33 
571,承认欲Q,oni,899,10.56 ,10.15 ,10.05 ,8.98 ,11.01 ,10.18 ,11.34 ,6.27 
572,Princess of Donder,oni,765,9.75 ,9.70 ,9.62 ,9.40 ,10.23 ,9.25 ,9.40 ,9.62 
573,攀爬！山峰百汇,oni,765,8.46 ,8.29 ,6.38 ,8.20 ,10.09 ,7.93 ,6.57 ,5.34 
574,SstTAarR*,oni,848,11.72 ,10.25 ,9.63 ,11.96 ,10.74 ,8.67 ,12.19 ,7.45 
575,KOKOROBO,oni,620,11.54 ,9.92 ,11.48 ,8.76 ,10.08 ,13.10 ,14.72 ,8.09 
576,饭团在哪呢?,oni,854,8.60 ,8.51 ,7.75 ,8.54 ,8.90 ,8.43 ,8.19 ,7.16 
577,超绝技巧系少女,oni,803,10.46 ,10.20 ,10.75 ,9.11 ,10.95 ,11.39 ,11.02 ,8.72 
578,Canon (Synchronica Remix),oni,543,3.50 ,6.11 ,8.46 ,3.51 ,0.32 ,4.70 ,4.90 ,9.72 
579,真?画龙点睛,edit,566,5.74 ,4.99 ,3.11 ,4.16 ,0.83 ,1.19 ,8.94 ,1.90 
579,真?画龙点睛,oni,588,4.37 ,4.30 ,4.22 ,4.95 ,0.54 ,0.18 ,5.64 ,4.40 
580,Sports DigesDON,edit,733,4.99 ,6.84 ,7.72 ,3.06 ,0.32 ,7.05 ,8.03 ,8.43 
580,Sports DigesDON,oni,436,1.33 ,3.73 ,6.12 ,0.58 ,0.03 ,0.00 ,2.21 ,7.20 
581,【限定】 よくでる15300,oni,115,7.32 ,7.18 ,4.25 ,7.36 ,10.15 ,7.94 ,1.22 ,1.15 
582,キミとボクのミライ,oni,292,0.24 ,1.27 ,1.89 ,0.41 ,0.07 ,7.03 ,0.00 ,0.15 
583,ソラのミチシルベ,oni,339,0.67 ,0.82 ,0.82 ,1.06 ,0.48 ,2.83 ,0.00 ,0.06 
585,黄泉的伊邪那美,oni,876,6.09 ,6.24 ,6.99 ,7.63 ,3.33 ,9.25 ,6.39 ,4.01 
586,Holding Hands,oni,397,2.28 ,2.07 ,1.62 ,3.02 ,0.51 ,0.23 ,2.45 ,1.46 
587,Unite The Force,oni,406,4.36 ,3.82 ,2.07 ,4.61 ,4.34 ,1.90 ,4.02 ,0.04 
588,Gunslinger Cinderella,oni,861,9.82 ,9.41 ,8.44 ,9.45 ,8.01 ,10.24 ,11.51 ,5.53 
591,NETEMO NETEMO,oni,550,7.26 ,7.15 ,4.76 ,7.10 ,9.00 ,7.79 ,5.00 ,3.10 
592,雏鸟幻想曲,oni,583,7.44 ,7.32 ,5.24 ,5.68 ,10.05 ,8.33 ,5.54 ,2.25 
593,冷冻库CJ ～呜呼面太鼓Brothers～,oni,787,13.41 ,12.79 ,12.49 ,13.06 ,12.41 ,14.56 ,14.45 ,10.72 
594,Gloria,oni,888,12.85 ,11.24 ,10.97 ,13.42 ,11.63 ,9.95 ,13.20 ,9.53 
595,ASAGAO,oni,765,12.19 ,10.97 ,10.52 ,12.56 ,11.65 ,9.83 ,12.11 ,6.11 
596,Diver,oni,622,6.36 ,5.69 ,4.23 ,4.55 ,0.86 ,0.02 ,9.92 ,3.61 
601,スプラトゥーン2 メドレー,edit,757,7.92 ,7.88 ,7.82 ,9.62 ,8.12 ,9.63 ,5.25 ,5.40 
601,スプラトゥーン2 メドレー,oni,441,1.81 ,2.03 ,2.39 ,1.19 ,0.11 ,0.42 ,2.87 ,2.65 
604,永远同在,oni,229,0.11 ,0.11 ,0.06 ,0.19 ,0.00 ,0.00 ,0.00 ,0.03 
605,東京テディベア,oni,797,6.55 ,6.53 ,6.68 ,7.00 ,6.74 ,8.90 ,5.73 ,3.63 
606,ゴーストルール,edit,798,10.85 ,10.28 ,9.85 ,11.01 ,10.94 ,9.30 ,10.39 ,7.74 
606,ゴーストルール,oni,505,4.53 ,4.91 ,6.60 ,4.28 ,1.12 ,9.25 ,6.42 ,3.00 
607,PERFECT HUMAN,oni,365,1.37 ,3.57 ,5.81 ,1.39 ,0.03 ,0.01 ,1.91 ,6.84 
608,おさかな毎日！さかなクン,oni,340,0.92 ,0.81 ,0.56 ,1.48 ,0.10 ,0.00 ,0.55 ,0.43 
609,星之卡比 组曲,oni,457,3.31 ,4.04 ,4.44 ,3.89 ,2.22 ,7.51 ,3.53 ,4.31 
610,Over Clock～開放～,oni,596,5.97 ,5.90 ,3.50 ,6.51 ,7.08 ,7.50 ,3.63 ,0.93 
611,世界总是个谜团,oni,365,2.39 ,2.54 ,2.82 ,1.94 ,0.13 ,0.05 ,3.63 ,3.07 
612,安东尼,oni,724,4.78 ,4.34 ,2.48 ,4.51 ,2.89 ,3.07 ,6.24 ,0.97 
613,Time Traveler,oni,489,1.34 ,1.91 ,2.24 ,2.20 ,0.72 ,7.62 ,0.10 ,0.69 
614,梦与现实的边界,oni,603,3.94 ,4.32 ,4.91 ,4.17 ,1.18 ,1.67 ,5.22 ,5.38 
615,天狗配乐,oni,734,7.78 ,7.71 ,7.37 ,4.64 ,10.03 ,9.31 ,7.57 ,4.51 
616,自私大小姐,oni,706,5.44 ,5.32 ,2.88 ,8.13 ,4.51 ,5.17 ,1.21 ,0.39 
617,风云志士,oni,651,5.40 ,7.03 ,7.78 ,4.46 ,0.36 ,6.43 ,8.15 ,8.49 
618,你的行星,oni,450,0.80 ,1.22 ,1.77 ,0.90 ,0.00 ,0.00 ,1.04 ,2.05 
621,オーブの祈り,oni,1062,9.34 ,8.04 ,4.53 ,11.18 ,4.46 ,2.85 ,10.66 ,1.43 
623,バトル－電光石火－,oni,364,3.64 ,3.37 ,2.83 ,4.03 ,2.29 ,1.93 ,4.21 ,2.63 
624,Good-bye my earth,oni,476,6.45 ,8.22 ,9.59 ,5.75 ,4.22 ,9.72 ,8.52 ,10.22 
625,Lightning Dance,oni,710,4.99 ,7.54 ,9.22 ,5.20 ,1.20 ,7.14 ,6.73 ,10.32 
626,美丽又急促的多瑙河,edit,1038,12.54 ,12.21 ,12.06 ,13.12 ,11.74 ,14.33 ,12.51 ,10.20 
626,美丽又急促的多瑙河,oni,682,4.61 ,6.58 ,7.99 ,4.51 ,1.30 ,8.59 ,6.40 ,8.37 
627,還是埼玉2000,oni,999,13.82 ,13.64 ,13.89 ,13.77 ,13.34 ,13.33 ,14.10 ,14.84 
628,TABANEITO,oni,976,13.24 ,12.53 ,12.67 ,12.58 ,11.90 ,12.75 ,14.84 ,13.72 
629,SAKURA EXHAUST,oni,765,8.62 ,8.11 ,4.42 ,9.23 ,8.89 ,7.03 ,7.47 ,0.63 
630,天照,oni,858,11.83 ,11.24 ,11.14 ,12.58 ,10.98 ,12.52 ,11.65 ,5.54 
631,Shining 65,oni,495,1.73 ,2.28 ,4.30 ,2.35 ,0.09 ,8.41 ,1.81 ,0.84 
632,太鼓进行曲,oni,553,1.15 ,1.18 ,1.21 ,1.31 ,0.06 ,0.18 ,1.49 ,1.29 
635,须佐之男,oni,686,7.97 ,7.84 ,5.93 ,8.24 ,9.38 ,8.37 ,5.70 ,3.66 
637,conflict,oni,736,4.64 ,5.12 ,4.81 ,6.63 ,2.60 ,7.49 ,3.63 ,4.51 
639,仙酌絶唱のファンタジア,oni,701,4.93 ,5.00 ,4.33 ,3.31 ,4.25 ,4.54 ,6.57 ,4.12 
640,Abandoned Temple Final 2nd,oni,614,9.10 ,7.38 ,11.81 ,6.71 ,4.10 ,12.82 ,13.54 ,11.49 
641,VICTORIA,oni,858,9.64 ,9.26 ,8.22 ,10.69 ,9.84 ,8.49 ,8.05 ,7.60 
642,Paradisus-Paradoxum,oni,432,6.86 ,6.80 ,6.28 ,4.51 ,10.01 ,8.72 ,4.35 ,2.68 
644,あんずのうた,oni,526,2.71 ,3.01 ,4.33 ,1.66 ,2.26 ,8.38 ,3.72 ,1.48 
645,華蕾夢ミル狂詩曲～魂ノ導～,edit,832,8.37 ,8.13 ,4.54 ,9.70 ,8.62 ,7.73 ,6.24 ,1.31 
645,華蕾夢ミル狂詩曲～魂ノ導～,oni,765,6.62 ,6.52 ,3.87 ,9.05 ,6.55 ,7.73 ,2.28 ,1.25 
646,ミツボシ☆☆★,edit,756,7.08 ,6.85 ,4.12 ,6.26 ,8.55 ,6.33 ,6.02 ,2.20 
646,ミツボシ☆☆★,oni,456,0.72 ,1.32 ,1.73 ,1.19 ,0.37 ,6.33 ,0.00 ,0.17 
647,マサカリブレイド,oni,687,7.32 ,8.26 ,10.15 ,7.70 ,6.90 ,11.22 ,7.21 ,9.76 
648,チェインクロニクル 総力戦メドレー,edit,635,6.27 ,5.92 ,5.11 ,7.67 ,2.05 ,2.61 ,7.32 ,4.92 
648,チェインクロニクル 総力戦メドレー,oni,425,1.63 ,2.29 ,2.66 ,2.19 ,0.43 ,2.60 ,1.70 ,2.91 
649,毒LOＣＡＮdy?,oni,777,7.99 ,7.87 ,6.33 ,7.76 ,6.15 ,7.88 ,9.55 ,5.52 
650,太鼓乱舞 皆传,oni,639,8.46 ,8.79 ,10.07 ,6.45 ,0.75 ,7.95 ,13.03 ,11.01 
651,合唱庆节！,oni,673,6.02 ,5.21 ,2.90 ,5.61 ,4.08 ,1.90 ,7.71 ,0.80 
652,曙光,edit,614,5.78 ,6.01 ,6.48 ,4.45 ,0.28 ,0.00 ,8.90 ,6.99 
652,曙光,oni,527,2.00 ,1.70 ,0.93 ,3.38 ,0.14 ,0.00 ,0.67 ,0.16 
653,战国三弦,oni,678,5.34 ,4.56 ,2.57 ,6.47 ,0.99 ,0.14 ,6.44 ,0.89 
654,GERMINATION,oni,616,1.95 ,2.63 ,3.75 ,2.41 ,0.61 ,8.21 ,2.25 ,2.13 
660,Alien Alien,oni,746,3.62 ,4.17 ,6.51 ,5.59 ,1.70 ,9.13 ,2.19 ,3.33 
661,スーパードラゴンボールヒーローズ テーマソング,oni,343,1.74 ,2.28 ,2.55 ,2.05 ,0.78 ,7.03 ,2.04 ,1.81 
662,HIKARINOKANATAE,oni,797,8.34 ,7.66 ,6.30 ,8.62 ,2.19 ,0.23 ,11.28 ,5.92 
663,风云！鼓棒老师,edit,694,8.71 ,8.90 ,10.48 ,7.18 ,4.64 ,8.42 ,12.33 ,11.73 
663,风云！鼓棒老师,oni,476,3.15 ,4.54 ,6.44 ,2.94 ,0.51 ,0.00 ,4.52 ,7.43 
664,咚子的第一次约会,edit,808,6.26 ,6.20 ,4.30 ,8.74 ,4.58 ,8.08 ,4.33 ,2.13 
664,咚子的第一次约会,oni,427,0.65 ,0.61 ,0.54 ,1.10 ,0.00 ,0.00 ,0.21 ,0.53 
666,Hikariare,oni,639,8.04 ,7.71 ,4.18 ,10.03 ,8.68 ,7.03 ,3.94 ,0.58 
668,ペンパイナッポーアッポーペン（PPAP）,oni,156,0.22 ,0.58 ,0.88 ,0.37 ,0.04 ,0.03 ,0.00 ,1.04 
670,ファミコンメドレー,oni,690,6.56 ,6.53 ,6.25 ,4.38 ,8.79 ,8.67 ,5.59 ,3.24 
671,Tulip,edit,677,6.14 ,6.11 ,6.11 ,5.33 ,1.39 ,1.45 ,9.02 ,6.39 
671,Tulip,oni,410,0.61 ,1.24 ,1.68 ,1.05 ,0.03 ,1.43 ,0.00 ,1.90 
672,S(mile)ING!,oni,515,1.20 ,1.70 ,1.97 ,1.99 ,0.57 ,7.03 ,0.00 ,0.19 
673,No Gravity,oni,674,12.12 ,10.18 ,9.41 ,11.54 ,10.07 ,9.42 ,14.18 ,3.77 
675,Never say never,oni,675,3.48 ,3.10 ,1.69 ,4.57 ,2.74 ,1.90 ,2.73 ,0.20 
676,TOKIMEKIエスカレート,edit,667,8.04 ,6.84 ,3.72 ,8.26 ,1.35 ,0.49 ,11.03 ,0.47 
676,TOKIMEKIエスカレート,oni,437,1.06 ,0.91 ,0.49 ,1.81 ,0.16 ,0.05 ,0.00 ,0.02 
677,恭喜毕业典礼?2BAN,oni,792,11.52 ,11.10 ,11.37 ,12.40 ,10.92 ,12.97 ,10.96 ,6.59 
678,恋,oni,332,1.55 ,2.19 ,2.62 ,2.19 ,1.26 ,2.37 ,0.85 ,2.89 
680,元祖！天才琪露诺☆,oni,859,9.60 ,9.30 ,8.41 ,10.32 ,10.01 ,8.67 ,8.14 ,7.83 
681,琪露诺的完美算术教室⑨周年版本,edit,909,11.93 ,11.27 ,12.38 ,12.06 ,10.44 ,15.05 ,12.93 ,5.69 
681,琪露诺的完美算术教室⑨周年版本,oni,751,7.98 ,7.85 ,6.03 ,8.88 ,7.47 ,8.30 ,7.33 ,4.28 
684,Foo Foo Cassette,oni,810,7.27 ,7.07 ,5.84 ,9.09 ,6.75 ,6.48 ,5.35 ,5.28 
685,HARDCOREノ心得,oni,885,11.46 ,10.95 ,12.45 ,8.21 ,11.26 ,14.60 ,13.98 ,10.06 
686,R.I.,oni,925,10.29 ,9.71 ,8.99 ,11.54 ,10.40 ,8.98 ,8.52 ,4.42 
687,KOKUSHIN CHRONICLE,oni,567,1.68 ,2.87 ,4.30 ,1.74 ,0.11 ,0.62 ,2.31 ,5.00 
688,星尘与利尼亚与我,oni,707,4.73 ,4.82 ,4.31 ,5.31 ,5.28 ,8.01 ,3.20 ,3.29 
689,Go Go - Kitchen,edit,940,10.96 ,10.16 ,9.38 ,11.39 ,10.72 ,9.02 ,10.55 ,5.69 
689,Go Go - Kitchen,oni,558,2.42 ,2.89 ,5.94 ,3.93 ,0.10 ,8.97 ,1.40 ,1.11 
693,誘惑,oni,569,2.40 ,2.87 ,2.85 ,3.59 ,2.02 ,7.67 ,0.36 ,1.86 
694,HOWEVER,oni,304,0.19 ,2.54 ,4.34 ,0.25 ,0.00 ,0.00 ,0.20 ,5.14 
695,敬启我的分身,oni,901,9.91 ,9.23 ,5.60 ,11.59 ,10.05 ,8.02 ,7.45 ,2.56 
697,極圏,oni,944,12.71 ,10.91 ,10.32 ,13.76 ,11.24 ,9.56 ,12.78 ,6.38 
698,怒槌,oni,1194,12.07 ,10.74 ,9.72 ,14.21 ,10.93 ,9.31 ,10.50 ,3.95 
699,Scarlet Lance,oni,1000,12.55 ,11.40 ,11.87 ,12.93 ,10.64 ,13.19 ,13.67 ,8.89 
700,Taiko Drum Monster,edit,1044,12.90 ,12.41 ,12.88 ,12.67 ,11.13 ,13.02 ,14.44 ,14.75 
700,Taiko Drum Monster,oni,850,11.23 ,10.71 ,12.07 ,9.54 ,10.80 ,9.87 ,12.90 ,14.86 
701,连结！推展！打上天！,oni,776,4.71 ,4.72 ,3.32 ,6.15 ,2.43 ,7.16 ,4.71 ,1.94 
702,拥有手中庭园的少女,oni,827,12.94 ,12.23 ,12.43 ,12.08 ,11.92 ,14.60 ,14.43 ,11.72 
703,小麦粉☆,oni,576,4.11 ,3.85 ,2.99 ,4.53 ,2.94 ,3.05 ,4.56 ,2.56 
704,大打音,oni,620,5.97 ,6.13 ,6.50 ,4.36 ,0.62 ,0.01 ,9.28 ,6.97 
705,Future Labo,oni,672,4.01 ,3.70 ,1.99 ,5.97 ,2.94 ,2.83 ,1.82 ,0.06 
706,恋はみずいろ,oni,350,2.35 ,2.15 ,1.15 ,3.68 ,0.55 ,1.43 ,1.57 ,0.12 
707,Brand New Theater!,oni,734,5.73 ,5.65 ,3.20 ,6.39 ,7.48 ,6.80 ,0.77 ,0.08 
709,Reason!!,oni,405,1.82 ,2.27 ,2.97 ,2.63 ,1.35 ,8.08 ,1.03 ,0.98 
711,見たこともない景色,edit,579,3.87 ,3.96 ,2.72 ,6.28 ,2.19 ,7.56 ,0.42 ,0.25 
711,見たこともない景色,oni,329,0.71 ,1.50 ,2.08 ,1.14 ,0.41 ,7.56 ,0.08 ,0.06 
713,SHOGYO MUJO,oni,765,10.01 ,8.93 ,9.20 ,8.82 ,3.86 ,9.24 ,14.29 ,8.91 
714,OK I'm blue rat,oni,816,8.07 ,8.66 ,10.48 ,6.95 ,1.96 ,8.20 ,11.87 ,12.72 
715,Blessed Bouquet Buskers,oni,868,10.47 ,9.66 ,8.68 ,10.92 ,10.37 ,8.05 ,9.91 ,4.06 
716,KAHATAREDOKI NO YUUWAKU,edit,916,12.25 ,12.23 ,12.76 ,12.74 ,11.88 ,14.79 ,11.89 ,12.55 
716,KAHATAREDOKI NO YUUWAKU,oni,553,4.86 ,5.90 ,7.82 ,4.61 ,3.24 ,9.60 ,6.19 ,6.45 
717,SAMURAI ROCKET,edit,888,8.08 ,7.61 ,6.74 ,6.58 ,0.94 ,0.02 ,12.22 ,6.65 
717,SAMURAI ROCKET,oni,765,4.93 ,5.52 ,6.54 ,5.12 ,0.22 ,0.02 ,6.77 ,7.26 
719,SORA-VII Cygnus Wall,oni,839,8.42 ,9.25 ,10.89 ,6.83 ,9.07 ,12.69 ,9.00 ,9.53 
720,哀 want U,oni,949,11.44 ,11.33 ,11.60 ,11.45 ,11.08 ,12.23 ,11.57 ,11.47 
721,DANGAN NOTES,edit,1167,14.71 ,14.83 ,15.13 ,15.02 ,14.34 ,15.50 ,14.50 ,12.33 
721,DANGAN NOTES,oni,923,11.97 ,10.80 ,10.43 ,13.25 ,11.37 ,9.27 ,10.93 ,8.87 
722,AI TO JOUZAI NO MORI,oni,832,10.49 ,10.14 ,9.99 ,9.51 ,10.02 ,9.57 ,11.65 ,10.27 
723,神秘梅杰德的哀傷憂鬱,oni,818,12.82 ,11.96 ,11.23 ,13.00 ,11.55 ,14.60 ,13.59 ,5.87 
724,预～备砰！,oni,777,9.48 ,9.11 ,6.49 ,8.88 ,10.64 ,8.32 ,8.62 ,3.57 
725,零 -ZERO-,oni,498,2.29 ,3.28 ,8.00 ,3.61 ,1.56 ,11.86 ,0.00 ,2.22 
726,告別輓歌,oni,496,2.28 ,2.56 ,2.77 ,3.26 ,0.80 ,1.67 ,2.04 ,2.98 
727,ASUNO YOZORA SHOKAIHAN,oni,719,7.19 ,7.06 ,4.04 ,8.94 ,7.26 ,7.79 ,4.53 ,0.93 
728,太阳系DISCO,oni,633,2.21 ,1.97 ,1.38 ,3.76 ,0.51 ,0.60 ,0.00 ,1.09 
730,HIBANA,edit,1037,10.71 ,9.89 ,9.09 ,11.83 ,10.75 ,8.67 ,9.18 ,4.00 
730,HIBANA,oni,669,4.44 ,4.56 ,5.85 ,4.94 ,4.75 ,8.67 ,3.37 ,2.76 
732,彩虹,oni,327,0.52 ,0.48 ,0.26 ,0.90 ,0.02 ,0.00 ,0.00 ,0.12 
733,JOIN US,oni,420,0.73 ,1.23 ,1.85 ,1.26 ,0.07 ,0.01 ,0.00 ,2.15 
734,スーパーD&D ～完全にリードしてアイマイミー～,oni,1000,10.77 ,9.75 ,8.49 ,11.36 ,10.01 ,8.17 ,10.72 ,1.19 
735,D絶対！SAMURAIインザレイン,edit,1000,12.30 ,11.64 ,10.85 ,12.58 ,11.84 ,11.26 ,12.24 ,7.99 
735,D絶対！SAMURAIインザレイン,oni,669,5.11 ,5.81 ,7.71 ,4.52 ,3.53 ,9.83 ,6.67 ,5.67 
736,好想用别人的钱吃烤肉！,edit,829,10.97 ,10.72 ,11.00 ,8.55 ,11.14 ,9.95 ,12.62 ,11.87 
736,好想用别人的钱吃烤肉！,oni,498,1.23 ,1.13 ,0.78 ,1.82 ,0.17 ,0.38 ,1.07 ,0.63 
737,TOYMATIC☆PARADE!!,oni,851,12.14 ,11.26 ,11.91 ,11.04 ,11.09 ,13.22 ,13.85 ,9.75 
738,小步舞曲,oni,529,7.04 ,8.41 ,8.60 ,4.51 ,2.39 ,8.38 ,10.99 ,9.11 
739,KARMA（Tatsujin Mix）,oni,876,8.57 ,7.71 ,5.90 ,8.50 ,2.10 ,1.10 ,11.89 ,5.18 
740,Where is the Target?,oni,546,6.01 ,6.48 ,8.06 ,3.90 ,3.81 ,10.41 ,8.79 ,5.50 
741,摇摇?晃晃?,edit,665,8.50 ,8.36 ,7.33 ,5.99 ,1.66 ,5.54 ,13.25 ,7.12 
741,摇摇?晃晃?,oni,386,0.99 ,3.83 ,6.41 ,1.19 ,0.01 ,0.00 ,1.22 ,7.57 
742,NUMUSIKA ac.10,oni,631,5.35 ,4.93 ,4.08 ,5.07 ,1.58 ,0.09 ,7.53 ,3.84 
745,小狗波奇,oni,877,13.01 ,11.95 ,12.13 ,13.19 ,11.21 ,11.18 ,14.22 ,12.96 
746,Magical Parfait,oni,652,7.90 ,8.69 ,8.03 ,6.33 ,1.27 ,8.37 ,11.97 ,7.95 
747,伊卡洛斯不要走,oni,666,9.40 ,9.02 ,6.23 ,10.73 ,7.71 ,8.41 ,9.33 ,3.24 
748,Behemoth,oni,999,13.52 ,12.52 ,12.65 ,14.31 ,11.34 ,13.66 ,14.44 ,11.11 
749,MAOU NO SHOWTIME,oni,888,8.75 ,8.58 ,7.10 ,9.11 ,10.26 ,9.46 ,6.21 ,1.78 
750,CYBERgenicALICE,oni,645,9.68 ,9.35 ,9.95 ,10.99 ,10.90 ,13.18 ,6.15 ,4.43 
751,SHINING☆ABRACADABRA,oni,666,8.47 ,8.46 ,7.59 ,7.78 ,3.80 ,9.11 ,11.74 ,5.37 
753,Count Down,oni,593,4.54 ,4.62 ,4.39 ,4.59 ,5.57 ,8.32 ,2.98 ,1.67 
754,泡沫、哀のまほろば,oni,634,3.63 ,3.20 ,1.75 ,5.55 ,2.74 ,1.67 ,0.89 ,0.31 
755,魔理沙偷走了重要的东西,oni,810,7.68 ,7.01 ,3.89 ,9.09 ,7.34 ,5.17 ,6.19 ,1.00 
756,GERBERA,oni,973,12.25 ,12.01 ,11.92 ,12.25 ,11.63 ,14.59 ,12.64 ,9.88 
757,Xevel,oni,1129,12.89 ,11.65 ,11.52 ,14.10 ,10.66 ,13.01 ,13.42 ,6.79 
758,ouroboros -twin stroke of the end-,oni,1134,13.06 ,12.78 ,12.72 ,12.88 ,12.62 ,13.45 ,13.42 ,12.48 
759,Surf Zapping,oni,840,11.41 ,10.88 ,10.40 ,11.48 ,10.89 ,11.11 ,11.63 ,5.26 
760,青天之黎明,oni,1000,12.30 ,11.99 ,12.28 ,11.96 ,11.68 ,12.91 ,13.01 ,12.84 
761,EterNal Ring,oni,902,13.25 ,12.60 ,12.49 ,13.22 ,12.01 ,14.40 ,14.18 ,11.97 
762,Toon Town's Toys' Tune,oni,659,10.38 ,10.89 ,12.58 ,7.15 ,10.34 ,12.87 ,12.70 ,14.03 
763,round and fast and crazy rhythm,oni,978,12.14 ,12.44 ,12.73 ,12.89 ,12.19 ,13.97 ,11.06 ,12.70 
764,Coquette,oni,1022,13.39 ,13.15 ,13.27 ,14.10 ,12.76 ,14.56 ,13.04 ,12.66 
765,Demon King of the Sixth Heaven,edit,1582,15.50 ,15.50 ,15.49 ,15.50 ,15.50 ,14.50 ,15.22 ,12.93 
765,Demon King of the Sixth Heaven,oni,1396,15.24 ,15.29 ,15.34 ,15.06 ,15.21 ,14.50 ,15.18 ,14.31 
766,シンクロニシティ,oni,407,1.54 ,1.33 ,0.80 ,2.18 ,0.27 ,0.02 ,1.49 ,0.44 
770,Dance Robot Dance,oni,876,7.36 ,7.25 ,5.00 ,8.36 ,7.66 ,8.08 ,5.66 ,3.10 
771,Cantabile×Passione,edit,892,9.56 ,8.30 ,5.45 ,9.00 ,5.33 ,2.84 ,12.71 ,3.71 
771,Cantabile×Passione,oni,509,1.17 ,1.74 ,2.07 ,1.99 ,0.29 ,2.83 ,0.00 ,2.18 
773,命短し恋せよ乙女,oni,487,2.14 ,2.27 ,1.74 ,3.65 ,0.51 ,4.38 ,0.00 ,0.99 
774,Hung-rock,oni,611,10.53 ,10.13 ,9.57 ,10.66 ,11.02 ,9.43 ,9.66 ,3.82 
775,PAN vs GOHAN! DAIKESSEN!,edit,824,12.68 ,12.81 ,13.21 ,11.80 ,12.36 ,14.89 ,13.59 ,14.18 
775,PAN vs GOHAN! DAIKESSEN!,oni,824,12.16 ,11.80 ,11.93 ,12.98 ,12.22 ,11.00 ,10.96 ,11.78 
776,GO GET'EM!,edit,648,8.53 ,8.98 ,10.04 ,7.15 ,5.09 ,9.78 ,11.78 ,10.71 
776,GO GET'EM!,oni,555,8.40 ,7.63 ,6.03 ,6.32 ,2.19 ,0.46 ,12.83 ,5.48 
777,colorful,oni,739,12.60 ,12.18 ,12.17 ,12.35 ,11.80 ,14.57 ,13.37 ,10.50 
778,λ7708,oni,788,12.36 ,12.59 ,12.82 ,12.04 ,12.84 ,14.91 ,11.96 ,13.30 
779,Clotho,oni,983,11.24 ,9.90 ,8.57 ,13.08 ,10.23 ,7.79 ,9.93 ,1.17 
780,Comona,oni,726,8.04 ,8.12 ,7.87 ,5.66 ,7.38 ,9.07 ,10.24 ,6.44 
781,ARMAGEΔDON,oni,999,12.65 ,11.81 ,11.95 ,13.55 ,11.02 ,13.59 ,13.00 ,10.21 
782,Marine Mirage,oni,522,2.13 ,2.37 ,2.03 ,3.61 ,0.70 ,5.17 ,0.00 ,1.32 
783,Dive to Blue,oni,641,5.93 ,5.89 ,3.83 ,6.45 ,7.55 ,7.85 ,2.40 ,1.77 
784,顶,oni,881,11.98 ,11.73 ,11.40 ,12.40 ,11.26 ,14.51 ,12.05 ,8.41 
785,Youthful Coaster,oni,724,9.72 ,9.68 ,10.81 ,8.49 ,10.86 ,12.38 ,9.49 ,6.39 
786,天下统一录,oni,988,12.18 ,10.65 ,10.05 ,12.56 ,11.37 ,9.25 ,12.34 ,3.89 
790,杂草,oni,400,0.59 ,2.68 ,4.51 ,0.97 ,0.01 ,0.00 ,0.32 ,5.32 
792,only my railgun,oni,429,1.72 ,1.54 ,1.14 ,2.73 ,0.19 ,0.11 ,1.13 ,0.97 
793,Ameto Petora,edit,591,6.80 ,6.74 ,5.51 ,7.40 ,6.44 ,8.38 ,6.40 ,3.22 
793,Ameto Petora,oni,464,1.88 ,2.37 ,4.19 ,2.37 ,0.99 ,8.38 ,1.97 ,1.16 
794,Violence Trigger,oni,520,8.45 ,8.31 ,6.95 ,7.68 ,10.43 ,8.88 ,6.63 ,3.45 
795,残響,edit,532,7.42 ,8.90 ,9.95 ,5.46 ,2.66 ,9.25 ,11.24 ,11.21 
795,残響,oni,345,1.17 ,2.94 ,4.76 ,1.39 ,0.02 ,0.05 ,1.46 ,5.60 
797,PAC-MAN CHAMPIONSHIP EDITION 2,oni,657,8.11 ,8.63 ,11.67 ,6.57 ,6.33 ,10.37 ,10.58 ,13.65 
798,Miracle Meeting,oni,903,10.24 ,9.90 ,11.24 ,11.27 ,10.80 ,13.48 ,8.21 ,4.23 
799,Ko Ki Ku Kuru Kuru Kure Ko!,oni,531,3.81 ,4.92 ,6.58 ,1.74 ,0.03 ,0.04 ,6.32 ,7.51 
800,Trust Game,oni,657,7.90 ,7.76 ,5.53 ,6.36 ,9.94 ,8.27 ,6.74 ,3.22 
801,Sekai Wa Anata Ni Waraikakete Iru,oni,351,0.47 ,2.01 ,3.37 ,0.80 ,0.00 ,0.00 ,0.11 ,3.98 
803,FREEDOM DiVE↓,oni,1024,11.81 ,11.12 ,11.28 ,11.63 ,10.55 ,9.96 ,12.91 ,12.64 
804,Altale,edit,820,11.77 ,10.88 ,11.33 ,11.69 ,10.34 ,12.74 ,12.92 ,7.63 
804,Altale,oni,540,4.58 ,4.91 ,3.93 ,2.95 ,0.55 ,7.50 ,7.29 ,3.11 
805,Pixel Galaxy,oni,740,5.64 ,7.13 ,10.51 ,5.23 ,3.58 ,13.36 ,7.36 ,8.12 
808,ハイスペックニート,oni,429,6.49 ,6.57 ,7.52 ,4.37 ,7.55 ,9.83 ,6.97 ,4.58 
809,Alkali Rettousei,oni,434,1.58 ,1.58 ,0.97 ,2.65 ,0.60 ,2.37 ,0.00 ,0.15 
810,【限定】 Nesin Amatias,oni,570,5.24 ,5.28 ,5.80 ,5.23 ,4.11 ,8.67 ,6.09 ,2.06 
811,ANATATO TURATTATTA?,edit,468,9.66 ,9.95 ,13.88 ,5.99 ,15.50 ,15.23 ,0.75 ,4.18 
811,ANATATO TURATTATTA?,oni,145,0.00 ,0.04 ,0.06 ,0.00 ,0.00 ,0.00 ,0.00 ,0.07 
814,ARUFUWA,oni,996,12.68 ,12.21 ,11.85 ,13.26 ,11.75 ,14.50 ,12.75 ,8.78 
815,LOVE?SPICE?LIKE YOU!!!,oni,934,11.35 ,10.89 ,10.46 ,11.26 ,10.93 ,10.90 ,11.66 ,6.83 
816,Struck Stardust,edit,1044,13.68 ,13.48 ,13.53 ,14.41 ,12.85 ,14.86 ,13.48 ,12.15 
816,Struck Stardust,oni,711,10.72 ,10.41 ,10.22 ,10.14 ,10.81 ,9.83 ,11.01 ,9.73 
817,Dragoon,oni,765,9.20 ,9.27 ,10.70 ,8.54 ,10.76 ,14.43 ,7.89 ,5.44 
818,Don't Stop the Game,oni,846,12.01 ,11.93 ,12.94 ,9.93 ,11.36 ,13.56 ,14.15 ,14.49 
819,Colorful Voice,edit,1121,13.77 ,12.31 ,12.30 ,14.23 ,12.74 ,11.00 ,14.05 ,9.32 
819,Colorful Voice,oni,876,10.49 ,10.22 ,10.50 ,9.01 ,10.07 ,11.00 ,11.98 ,9.84 
820,Dead or Die,oni,1096,13.11 ,12.59 ,12.63 ,12.95 ,12.45 ,11.00 ,13.68 ,12.87 
821,WA ARUDO HERITE IJI - JO,oni,581,5.49 ,6.89 ,7.18 ,2.66 ,0.55 ,7.86 ,9.05 ,7.54 
822,Heat Haze Shadow 2,oni,765,8.64 ,7.94 ,4.30 ,10.81 ,8.60 ,6.11 ,5.54 ,0.10 
823,mosimosi KAMISAMA,oni,656,4.26 ,4.35 ,3.47 ,4.76 ,4.53 ,7.97 ,3.26 ,1.81 
824,Dramaturgy,edit,430,5.07 ,4.74 ,4.09 ,4.33 ,1.36 ,0.48 ,7.45 ,3.97 
824,Dramaturgy,oni,199,0.14 ,1.04 ,1.65 ,0.24 ,0.01 ,0.48 ,0.00 ,1.95 
826,Amphit◇rite,oni,833,11.56 ,11.55 ,12.00 ,11.63 ,12.64 ,14.86 ,10.04 ,9.52 
828,ROKI,oni,576,2.78 ,2.45 ,1.70 ,2.97 ,0.77 ,0.60 ,3.66 ,1.32 
831,咯咯咯鬼太郎,edit,390,7.08 ,7.33 ,10.58 ,2.23 ,11.25 ,15.08 ,4.16 ,2.16 
831,咯咯咯鬼太郎,oni,155,0.00 ,0.00 ,0.00 ,0.00 ,0.00 ,0.00 ,0.00 ,0.00 
833,Goldfish City,oni,876,11.90 ,11.05 ,10.50 ,11.52 ,11.01 ,11.14 ,12.88 ,4.45 
834,疾风怒涛,edit,1083,14.62 ,14.38 ,14.37 ,15.00 ,14.14 ,12.87 ,14.44 ,13.48 
834,疾风怒涛,oni,772,11.73 ,11.07 ,11.78 ,10.13 ,10.25 ,12.85 ,14.16 ,11.41 
835,What's in the box?,oni,750,10.76 ,11.33 ,12.55 ,9.74 ,11.39 ,14.99 ,10.89 ,11.44 
839,ただ君に晴れ,oni,285,0.85 ,0.75 ,0.40 ,1.47 ,0.03 ,0.05 ,0.00 ,0.09 
842,红莲华,edit,400,2.95 ,3.27 ,3.84 ,2.71 ,0.27 ,0.01 ,4.29 ,4.24 
842,红莲华,oni,291,0.96 ,2.16 ,3.46 ,1.08 ,0.03 ,0.01 ,1.25 ,4.06 
843,Mopemope,oni,501,10.35 ,10.69 ,12.15 ,8.59 ,11.26 ,14.30 ,10.80 ,9.73 
844,B.B.K.K.B.K.K.,oni,853,10.24 ,9.28 ,8.21 ,11.31 ,7.07 ,5.19 ,11.51 ,7.78 
845,Dreadnought,edit,1075,13.13 ,12.67 ,12.66 ,14.06 ,12.10 ,13.80 ,12.91 ,11.21 
845,Dreadnought,oni,632,8.31 ,8.15 ,5.81 ,7.46 ,10.29 ,8.26 ,6.56 ,3.62 
846,Cutie☆Demonic☆MAJIN EMO!!,oni,1075,11.38 ,10.38 ,9.48 ,13.06 ,10.48 ,9.56 ,10.16 ,4.44 
847,ぐでたまテーマソング,oni,217,0.07 ,0.38 ,0.60 ,0.11 ,0.00 ,0.00 ,0.00 ,0.70 
848,ぐでたまぷちょへんざ,oni,348,0.82 ,0.70 ,0.38 ,1.41 ,0.01 ,0.00 ,0.17 ,0.00 
849,poxei◆DOON,oni,1210,14.74 ,14.83 ,15.09 ,13.89 ,15.00 ,14.60 ,15.05 ,14.04 
850,Connect Colours,oni,872,13.03 ,13.03 ,13.23 ,11.52 ,12.86 ,13.33 ,14.32 ,13.98 
851,气焰万丈神乐,oni,1141,12.75 ,12.07 ,11.90 ,13.67 ,11.42 ,14.50 ,12.84 ,8.00 
852,抓住那只音乐虫！,oni,646,8.38 ,7.32 ,4.84 ,7.19 ,3.01 ,1.51 ,12.14 ,3.42 
855,再怎么吃再怎么吃,oni,496,6.79 ,7.09 ,7.71 ,2.15 ,0.71 ,0.07 ,11.46 ,8.34 
856,Calamity Fortune,edit,1217,14.34 ,14.35 ,14.55 ,14.89 ,13.41 ,15.50 ,14.41 ,13.37 
856,Calamity Fortune,oni,1069,12.20 ,10.58 ,9.95 ,13.80 ,10.92 ,8.83 ,11.47 ,8.07 
857,Sakura Secret,oni,673,7.95 ,7.96 ,8.89 ,7.37 ,7.53 ,11.01 ,8.75 ,6.46 
858,UFO Swingin',oni,756,13.50 ,13.13 ,12.88 ,12.75 ,13.48 ,12.99 ,14.01 ,11.48 
859,Tenkyuunoritsu,oni,821,12.57 ,12.45 ,12.69 ,12.96 ,12.19 ,14.50 ,12.32 ,12.01 
860,Nya-Nya-Nya-,oni,859,12.83 ,11.98 ,11.91 ,11.78 ,11.78 ,14.90 ,14.50 ,9.54 
861,Literary Nonsense,oni,416,1.88 ,1.99 ,1.73 ,3.20 ,0.39 ,1.43 ,0.34 ,1.71 
864,TD - 28619029byte remix -,oni,882,9.33 ,8.90 ,8.45 ,8.89 ,4.74 ,9.80 ,12.51 ,6.51 
865,流浪的琥珀公主,oni,495,2.89 ,3.33 ,5.76 ,2.90 ,0.35 ,8.78 ,4.03 ,1.78 
866,冰龙 ～Kooryu～,edit,1059,13.42 ,12.25 ,11.68 ,13.89 ,11.80 ,13.11 ,14.21 ,6.01 
866,冰龙 ～Kooryu～,oni,734,10.30 ,9.80 ,8.99 ,9.77 ,10.70 ,8.94 ,10.22 ,2.52 
867,Uchuhikoushi Boukentan,oni,797,10.48 ,10.31 ,10.24 ,9.61 ,10.90 ,10.21 ,10.70 ,8.69 
868,Monochrome Voice,edit,1305,14.68 ,14.70 ,14.81 ,15.26 ,15.13 ,15.23 ,13.30 ,9.86 
868,Monochrome Voice,oni,961,12.53 ,11.78 ,11.32 ,12.58 ,11.93 ,11.36 ,12.82 ,9.67 
869,森罗万象,oni,984,13.01 ,12.85 ,13.10 ,12.38 ,12.46 ,14.50 ,13.89 ,13.94 
874,撥条少女時計,oni,647,5.08 ,6.68 ,7.94 ,5.59 ,2.31 ,8.72 ,6.32 ,7.98 
875,グラーヴェ,oni,650,4.10 ,4.18 ,2.93 ,5.14 ,3.98 ,7.79 ,2.75 ,0.57 
877,刀剣乱舞,oni,399,0.35 ,0.34 ,0.18 ,0.60 ,0.01 ,0.14 ,0.00 ,0.08 
878,Caribbean Knight,oni,806,9.66 ,9.61 ,10.91 ,8.57 ,10.19 ,12.63 ,9.96 ,7.65 
879,Taiko Roll,oni,876,9.55 ,9.00 ,5.86 ,10.60 ,10.11 ,7.95 ,7.45 ,3.67 
880,夢と希望,oni,694,4.56 ,4.55 ,2.79 ,6.75 ,4.00 ,6.66 ,0.02 ,0.55 
881,MEGALOVANIA,edit,1072,12.90 ,12.08 ,12.12 ,12.89 ,11.46 ,13.65 ,13.99 ,11.24 
881,MEGALOVANIA,oni,664,8.27 ,8.80 ,9.62 ,5.96 ,7.57 ,11.00 ,10.49 ,8.46 
882,乙女解剖,edit,569,4.20 ,4.01 ,3.68 ,3.57 ,0.35 ,0.10 ,6.28 ,3.70 
882,乙女解剖,oni,352,0.48 ,0.55 ,0.60 ,0.83 ,0.00 ,0.01 ,0.00 ,0.66 
884,愛にできることはまだあるかい,edit,429,0.77 ,0.70 ,0.45 ,1.22 ,0.02 ,0.09 ,0.48 ,0.33 
884,愛にできることはまだあるかい,oni,296,0.16 ,0.17 ,0.15 ,0.28 ,0.00 ,0.00 ,0.00 ,0.15 
886,Hello! Don-chan,oni,349,0.50 ,0.46 ,0.24 ,0.86 ,0.03 ,0.05 ,0.00 ,0.07 
887,NAMAHAGE NO UTA,oni,780,8.20 ,7.70 ,4.22 ,8.08 ,9.04 ,6.57 ,7.24 ,0.81 
888,古典乐组曲（摇滚篇）,oni,606,5.01 ,5.99 ,7.56 ,6.13 ,1.46 ,0.27 ,5.89 ,8.52 
889,via lactea,oni,593,3.51 ,3.53 ,2.39 ,4.31 ,4.06 ,5.63 ,1.17 ,1.09 
890,可笑可啸2000,oni,818,12.01 ,11.98 ,11.98 ,11.81 ,11.91 ,14.92 ,12.08 ,10.01 
891,The Cutlass of Kathiawar,oni,637,5.74 ,7.28 ,7.67 ,4.37 ,0.66 ,7.54 ,8.84 ,8.18 
892,幕末维新谭,oni,1109,13.66 ,12.47 ,12.73 ,13.84 ,11.75 ,12.41 ,14.96 ,12.49 
894,当下,oni,323,0.18 ,2.77 ,4.73 ,0.31 ,0.01 ,0.00 ,0.00 ,5.59 
895,HIMAWARI HAPPY,oni,173,0.10 ,0.10 ,0.05 ,0.17 ,0.00 ,0.00 ,0.00 ,0.01 
896,续?糸且曲2000,oni,940,13.07 ,13.08 ,13.38 ,12.91 ,13.04 ,15.50 ,13.03 ,12.58 
897,ヒミツキチューバー,oni,393,2.69 ,2.63 ,2.54 ,2.11 ,0.23 ,0.05 ,4.11 ,2.62 
898,God knows...,edit,938,8.39 ,8.46 ,6.81 ,7.83 ,3.74 ,8.34 ,11.55 ,5.58 
898,God knows...,oni,580,1.24 ,2.55 ,3.97 ,2.05 ,0.05 ,0.66 ,0.61 ,4.65 
905,memoria ficta,oni,747,12.34 ,11.99 ,12.06 ,10.34 ,12.85 ,11.58 ,13.40 ,11.34 
906,宠物店大战,oni,696,10.74 ,10.09 ,10.99 ,10.12 ,8.50 ,10.72 ,12.93 ,12.38 
907,TOKIMEKI?DESTROYER!!,oni,782,9.35 ,9.12 ,6.88 ,9.07 ,10.25 ,8.67 ,8.48 ,3.75 
908,レトロマニア狂想曲,oni,724,3.79 ,3.88 ,2.80 ,5.16 ,3.38 ,7.50 ,2.12 ,1.01 
909,キレキャリオン,oni,439,2.04 ,2.23 ,1.94 ,3.30 ,0.70 ,5.24 ,0.96 ,1.13 
910,猫サンキュー,oni,639,8.76 ,8.56 ,5.72 ,8.59 ,10.40 ,8.38 ,6.74 ,1.87 
911,神様の言うとおりに,edit,833,6.43 ,7.38 ,9.36 ,7.67 ,5.29 ,11.11 ,5.97 ,8.11 
911,神様の言うとおりに,oni,550,2.77 ,4.75 ,6.33 ,4.75 ,0.50 ,4.00 ,0.00 ,7.23 
913,闪亮亮银河,oni,363,0.85 ,0.99 ,0.92 ,1.46 ,0.06 ,2.13 ,0.00 ,0.73 
914,Synchronica Airline,oni,759,10.67 ,9.99 ,9.79 ,6.04 ,10.50 ,9.25 ,13.82 ,9.30 
915,白日,oni,319,1.99 ,3.23 ,4.79 ,1.55 ,0.01 ,0.00 ,3.06 ,5.57 
917,Freeway3234,oni,465,6.72 ,7.39 ,8.63 ,4.33 ,1.72 ,0.18 ,10.58 ,9.53 
918,ERINGI NO EKUBO,oni,687,5.48 ,5.33 ,5.11 ,5.13 ,1.05 ,0.30 ,7.84 ,5.26 
919,这就是爱,oni,624,8.55 ,8.40 ,6.92 ,8.49 ,10.25 ,8.67 ,6.27 ,4.41 
920,GODSONG,edit,914,11.09 ,10.64 ,11.66 ,10.26 ,9.97 ,11.18 ,12.64 ,13.06 
920,GODSONG,oni,642,3.75 ,4.57 ,5.26 ,4.39 ,0.82 ,3.30 ,4.66 ,5.79 
921,8月の坂,oni,291,0.70 ,0.74 ,0.84 ,0.95 ,0.03 ,0.00 ,0.73 ,0.91 
922,アバみ,oni,653,2.26 ,2.88 ,5.69 ,2.98 ,0.43 ,8.74 ,2.46 ,2.00 
924,Ao to Natsu,oni,350,1.82 ,2.27 ,2.49 ,2.78 ,1.31 ,7.79 ,0.66 ,0.97 
925,Byoushinwo Kamu,oni,402,4.15 ,4.79 ,5.86 ,2.96 ,0.26 ,0.00 ,6.49 ,6.56 
926,Hated by Life,edit,486,6.65 ,6.60 ,6.03 ,7.28 ,6.06 ,8.67 ,6.45 ,2.20 
926,Hated by Life,oni,379,2.38 ,2.77 ,3.14 ,2.97 ,0.16 ,8.11 ,2.81 ,1.12 
927,Dogbite,oni,817,9.98 ,9.99 ,11.81 ,9.71 ,11.50 ,14.06 ,8.27 ,6.78 
928,Parousia,oni,787,11.99 ,11.46 ,11.56 ,10.85 ,11.83 ,10.83 ,12.97 ,11.84 
929,waitin' for u,oni,762,8.83 ,8.80 ,9.21 ,8.92 ,10.23 ,12.38 ,6.83 ,4.31 
930,ALiVE,oni,830,8.59 ,8.40 ,5.94 ,9.87 ,7.94 ,8.49 ,7.64 ,2.10 
931,JOIN THE PAC -太鼓之达人 Ver.-,oni,606,7.61 ,7.32 ,6.86 ,5.54 ,1.32 ,1.10 ,11.79 ,6.98 
932,Wish upon a shooting star,oni,618,6.13 ,6.62 ,5.72 ,4.09 ,1.06 ,8.20 ,9.66 ,4.86 
933,Leviathan,oni,754,7.94 ,7.77 ,4.63 ,7.90 ,9.71 ,7.87 ,5.49 ,2.06 
934,ANiMA,oni,839,10.20 ,9.81 ,11.11 ,11.48 ,10.37 ,13.06 ,8.29 ,6.35 
935,MagiCatz,oni,732,7.46 ,8.72 ,9.15 ,7.71 ,2.92 ,9.36 ,9.85 ,9.40 
936,Smile! Smile! Smile!,edit,298,8.46 ,8.52 ,10.18 ,6.89 ,11.20 ,13.33 ,6.28 ,4.97 
936,Smile! Smile! Smile!,oni,165,0.57 ,0.52 ,0.26 ,0.97 ,0.12 ,0.05 ,0.00 ,0.01 
937,向夜晚奔去,oni,483,4.41 ,4.91 ,5.80 ,3.13 ,0.21 ,0.00 ,6.92 ,6.42 
938,零之交响曲,edit,893,10.82 ,9.92 ,8.80 ,11.12 ,10.37 ,8.65 ,10.77 ,1.99 
938,零之交响曲,oni,648,3.96 ,4.07 ,3.26 ,4.21 ,4.45 ,7.97 ,2.97 ,1.44 
939,不如就这样继续下去,oni,765,9.35 ,8.92 ,5.76 ,9.84 ,10.39 ,8.08 ,7.38 ,3.18 
940,wonderful ROUTINE,oni,777,10.69 ,10.31 ,10.57 ,9.63 ,10.16 ,11.00 ,11.94 ,9.95 
941,Fly again!,oni,551,5.11 ,5.19 ,6.30 ,4.77 ,4.94 ,8.78 ,5.50 ,3.39 
942,极限创作者加油歌,oni,649,3.10 ,3.12 ,1.99 ,3.63 ,3.86 ,5.17 ,0.65 ,0.19 
943,竖波波卡,oni,723,10.83 ,10.32 ,10.69 ,8.95 ,9.79 ,10.16 ,13.10 ,11.56 
944,令?和太鼓,oni,629,3.71 ,4.11 ,4.77 ,3.36 ,0.21 ,0.88 ,5.42 ,5.26 
945,RESTART,oni,544,3.26 ,3.37 ,3.62 ,3.49 ,0.73 ,0.05 ,4.33 ,3.89 
946,ミュートすればいいじゃん。,oni,527,1.11 ,1.72 ,2.15 ,1.75 ,0.71 ,7.62 ,0.25 ,0.26 
947,I want to be your heart,oni,650,2.73 ,2.41 ,1.65 ,4.39 ,0.68 ,0.18 ,1.56 ,1.25 
948,患部で止まってすぐ溶ける ～ 狂気の優曇華院,oni,915,11.11 ,10.17 ,9.38 ,12.01 ,10.85 ,8.67 ,10.21 ,5.56 
949,Favorite Days,oni,503,4.34 ,5.63 ,7.54 ,1.96 ,0.12 ,0.09 ,7.21 ,8.60 
950,Mani Mani(Prod. TAKU INOUE),oni,463,3.48 ,4.67 ,6.39 ,2.04 ,0.07 ,0.01 ,5.64 ,7.32 
951,Idol狂战士(feat.佐藤贵文),edit,854,9.79 ,9.26 ,6.21 ,10.76 ,10.18 ,8.38 ,8.03 ,3.02 
951,Idol狂战士(feat.佐藤贵文),oni,580,2.61 ,2.92 ,4.25 ,3.39 ,1.51 ,8.38 ,2.54 ,1.09 
952,Tetra-rhythmos phobia,oni,717,10.78 ,10.12 ,11.71 ,6.64 ,10.08 ,13.48 ,14.09 ,9.46 
954,Central Dogma Pt.1,edit,1259,14.88 ,14.33 ,14.41 ,15.14 ,13.68 ,13.57 ,15.50 ,13.41 
954,Central Dogma Pt.1,oni,876,11.95 ,11.73 ,12.04 ,10.24 ,11.30 ,13.57 ,13.81 ,11.88 
955,絡繰廻廊,oni,900,13.29 ,12.94 ,13.06 ,13.07 ,12.58 ,13.33 ,13.93 ,13.67 
956,月光,edit,444,5.81 ,5.03 ,3.11 ,5.10 ,0.36 ,0.00 ,8.60 ,1.88 
956,月光,oni,275,1.34 ,1.47 ,1.71 ,1.21 ,0.01 ,0.00 ,1.96 ,1.88 
958,The ephemeral dances in the primordial,edit,914,13.85 ,13.12 ,13.27 ,13.23 ,12.80 ,14.94 ,15.15 ,12.90 
958,The ephemeral dances in the primordial,oni,740,11.24 ,9.22 ,10.66 ,10.30 ,7.23 ,7.64 ,14.70 ,10.77 
959,螺旋周回轨道,edit,969,12.33 ,11.59 ,12.55 ,11.20 ,10.98 ,13.55 ,14.30 ,14.90 
959,螺旋周回轨道,oni,671,7.46 ,7.55 ,7.84 ,4.39 ,0.90 ,0.09 ,12.04 ,8.34 
960,Vixtory,edit,1240,14.86 ,14.78 ,14.92 ,14.89 ,14.44 ,15.28 ,14.97 ,10.71 
960,Vixtory,oni,912,12.42 ,11.54 ,11.20 ,11.40 ,11.87 ,11.18 ,13.65 ,9.74 
961,Stick Trick ShowTime!!,oni,918,12.60 ,11.42 ,11.65 ,12.41 ,10.33 ,12.14 ,14.49 ,11.31 
962,香水,oni,335,0.62 ,0.56 ,0.29 ,1.07 ,0.01 ,0.00 ,0.00 ,0.00 
963,イイコ進化論(feat. O-LuHA),oni,677,6.35 ,7.26 ,9.12 ,5.18 ,2.03 ,11.69 ,9.40 ,6.52 
964,轟!!!,oni,316,1.62 ,2.00 ,2.03 ,2.59 ,1.04 ,7.03 ,0.00 ,0.21 
967,Hand Over (Prod. TEMPLIME),oni,651,4.31 ,8.57 ,10.15 ,4.33 ,1.08 ,9.24 ,5.92 ,13.92 
968,Hyper Bass (feat. Yunomi),oni,877,6.49 ,6.46 ,6.33 ,8.19 ,5.71 ,8.77 ,5.02 ,2.84 
969,Itadaki Babel (Prod. Kenmochi Hidefumi),oni,493,4.87 ,4.43 ,3.50 ,3.99 ,1.01 ,0.09 ,7.29 ,3.19 
970,Shining Lights (feat. PSYQUI),oni,862,7.59 ,7.67 ,8.53 ,7.51 ,10.46 ,11.87 ,2.18 ,2.79 
971,星河一天,oni,858,12.23 ,11.66 ,11.25 ,11.55 ,11.69 ,13.44 ,13.18 ,8.16 
972,Rainbow of La Paz,edit,909,12.47 ,12.08 ,12.85 ,11.83 ,11.65 ,13.79 ,13.61 ,14.67 
972,Rainbow of La Paz,oni,689,5.50 ,7.57 ,9.96 ,5.94 ,5.17 ,10.49 ,5.25 ,10.45 
973,PONPOKO RHYTHM,oni,554,2.48 ,2.57 ,1.84 ,3.95 ,1.60 ,5.17 ,0.00 ,0.49 
974,炎,oni,216,0.07 ,0.08 ,0.07 ,0.13 ,0.00 ,0.00 ,0.00 ,0.08 
975,幾望の月,oni,839,8.97 ,9.14 ,10.38 ,8.63 ,5.61 ,9.07 ,11.51 ,11.87 
976,PETA-PETA!?PUMPKIN,oni,524,5.21 ,7.19 ,9.99 ,3.57 ,0.80 ,0.17 ,8.19 ,11.47 
977,Diving Drive,oni,892,11.25 ,10.15 ,9.56 ,12.25 ,10.58 ,8.29 ,10.63 ,8.42 
978,Nijiiro Baton,oni,713,6.81 ,6.71 ,4.01 ,6.66 ,8.96 ,7.94 ,3.57 ,0.99 
980,VIVIVIVID,oni,668,10.87 ,11.27 ,11.89 ,11.49 ,11.02 ,12.57 ,9.84 ,12.28 
981,One Two SanShino de Dondo Kakka!,edit,715,7.05 ,6.38 ,4.98 ,5.48 ,1.46 ,0.47 ,10.72 ,4.47 
981,One Two SanShino de Dondo Kakka!,oni,511,1.65 ,2.83 ,4.28 ,1.79 ,0.27 ,0.14 ,2.18 ,4.98 
982,Great Chick Appraiser,oni,852,12.77 ,12.19 ,12.25 ,13.07 ,11.66 ,13.85 ,13.31 ,11.37 
983,YOAKE,oni,965,11.40 ,11.10 ,11.19 ,11.94 ,11.04 ,12.34 ,10.98 ,7.58 
984,KA! KA! KA! KAMIZMODE!,oni,446,2.04 ,2.22 ,1.84 ,3.31 ,1.18 ,5.17 ,0.00 ,0.90 
987,Realize,oni,380,4.38 ,4.70 ,6.46 ,3.05 ,2.24 ,9.02 ,6.51 ,3.23 
988,Teo,oni,762,5.66 ,5.62 ,3.47 ,7.27 ,6.14 ,7.79 ,2.08 ,0.85 
989,Amaterasu JK,oni,702,7.42 ,7.30 ,4.99 ,8.03 ,8.53 ,8.09 ,5.10 ,3.02 
990,AkatoSirobaranoMajo,oni,1111,13.90 ,13.10 ,12.51 ,15.28 ,11.91 ,12.27 ,14.04 ,5.97 
991,"Kabukimono, Keep it up!",oni,694,7.82 ,8.11 ,7.70 ,7.66 ,2.85 ,9.31 ,10.71 ,5.64 
992,LECIEL GLISSANDO,oni,757,11.61 ,11.88 ,12.30 ,10.16 ,12.00 ,11.62 ,12.36 ,13.29 
993,彁,edit,1070,14.00 ,14.11 ,14.28 ,13.92 ,14.02 ,14.66 ,13.81 ,13.79 
993,彁,oni,692,9.70 ,10.72 ,12.63 ,9.88 ,11.07 ,14.56 ,7.65 ,12.82 
994,Parallel Lollipop,oni,707,10.07 ,10.09 ,11.07 ,10.51 ,8.45 ,11.00 ,10.89 ,12.56 
995,TELL ME BEAT,oni,761,6.87 ,6.92 ,7.93 ,7.33 ,6.48 ,9.88 ,6.67 ,5.75 
997,twinkle night (feat. somunia),edit,817,8.09 ,8.19 ,9.06 ,10.56 ,8.56 ,12.22 ,3.03 ,4.47 
997,twinkle night (feat. somunia),oni,590,2.67 ,2.82 ,2.13 ,4.53 ,0.80 ,6.10 ,0.00 ,0.72 
998,Connected World,oni,729,2.84 ,3.04 ,2.40 ,4.81 ,0.80 ,3.15 ,0.39 ,2.17 
999,Central Dogma Pt.2,oni,975,12.26 ,11.85 ,12.07 ,11.82 ,11.39 ,13.56 ,13.27 ,12.03 
1000,SHOUYU de Show you!,oni,729,8.21 ,8.88 ,8.76 ,7.98 ,3.01 ,9.32 ,11.28 ,8.36 
1001,Nandodemo Waraou,oni,515,1.59 ,1.56 ,0.86 ,2.63 ,0.49 ,1.67 ,0.55 ,0.03 
1002,Usseewa,oni,420,3.49 ,3.77 ,3.36 ,4.75 ,3.21 ,7.03 ,1.81 ,2.69 
1003,猫,oni,312,1.75 ,1.81 ,1.95 ,1.13 ,0.00 ,0.00 ,2.80 ,2.09 
1004,廻廻奇譚,oni,482,4.93 ,4.96 ,3.64 ,4.97 ,6.27 ,7.79 ,2.86 ,2.16 
1006,KING,oni,781,3.91 ,3.85 ,2.47 ,5.78 ,2.93 ,4.23 ,1.83 ,1.50 
1007,裸の心,oni,187,0.04 ,0.64 ,1.05 ,0.06 ,0.00 ,0.00 ,0.00 ,1.24 
1008,全力全開！ゼンカイジャー,oni,249,0.57 ,1.29 ,1.78 ,0.96 ,0.21 ,6.57 ,0.00 ,0.14 
1010,小咚音头,oni,472,1.76 ,2.16 ,2.21 ,2.87 ,0.96 ,7.50 ,0.00 ,0.42 
1011,BOKURA NO MAE NI MICHI WA ARU,oni,682,3.97 ,4.47 ,6.65 ,3.70 ,3.67 ,8.87 ,4.43 ,4.63 
1012,4+1的各自的未来,edit,1001,13.91 ,14.10 ,14.50 ,13.61 ,13.96 ,15.50 ,13.90 ,13.84 
1012,4+1的各自的未来,oni,876,12.38 ,12.19 ,12.19 ,11.28 ,12.34 ,11.87 ,13.21 ,12.19 
1013,Amber Light,oni,634,5.56 ,7.04 ,8.56 ,4.16 ,1.59 ,9.96 ,8.46 ,7.76 
1014,Hold me tight,oni,547,3.87 ,3.43 ,2.41 ,5.05 ,2.11 ,1.67 ,3.81 ,1.85 
1015,YURAME,oni,614,9.11 ,8.97 ,8.85 ,7.75 ,7.12 ,7.83 ,11.62 ,8.90 
1016,チューリングラブ feat.Sou / ナナヲアカリ,oni,426,2.64 ,3.10 ,3.84 ,3.14 ,0.51 ,0.09 ,3.26 ,4.31 
1018,Venom (feat. flower),oni,575,2.73 ,2.37 ,1.29 ,3.82 ,0.63 ,0.97 ,2.66 ,0.15 
1019,駆け抜けてゆく,oni,583,3.35 ,3.47 ,2.90 ,3.28 ,3.30 ,7.03 ,3.39 ,1.87 
1020,乱数调整的反转灰姑娘,edit,707,7.55 ,7.01 ,5.26 ,8.09 ,7.17 ,5.53 ,7.22 ,4.33 
1020,乱数调整的反转灰姑娘,oni,556,3.05 ,5.21 ,6.69 ,4.33 ,0.85 ,5.18 ,2.83 ,7.57 
1021,Donder Time,oni,458,4.50 ,4.84 ,4.10 ,2.52 ,1.69 ,7.50 ,7.12 ,3.44 
1022,We Are!,edit,830,10.23 ,10.19 ,10.78 ,10.56 ,10.09 ,11.70 ,9.83 ,9.91 
1022,We Are!,oni,339,0.34 ,1.08 ,1.57 ,0.58 ,0.02 ,3.58 ,0.00 ,1.46 
1023,DDU-DU DDU-DU,oni,348,0.93 ,1.52 ,2.26 ,1.46 ,0.05 ,0.05 ,0.67 ,2.62 
1024,bad guy,oni,389,0.96 ,0.92 ,0.84 ,1.64 ,0.06 ,0.01 ,0.17 ,0.85 
1026,睡莲花,oni,644,2.25 ,2.64 ,2.82 ,3.55 ,0.28 ,1.90 ,1.49 ,3.05 
1027,Natsumatsuri / Jitterin' Jinn,edit,847,11.99 ,11.86 ,11.44 ,11.85 ,12.77 ,13.45 ,11.08 ,7.36 
1027,Natsumatsuri / Jitterin' Jinn,oni,578,2.51 ,2.15 ,1.28 ,4.28 ,0.48 ,0.07 ,0.23 ,0.64 
1028,群青,oni,624,2.20 ,2.03 ,1.70 ,3.63 ,0.14 ,0.01 ,1.06 ,1.61 
1029,Colorful Party,oni,225,0.17 ,1.28 ,2.17 ,0.22 ,0.00 ,0.00 ,0.19 ,2.57 
1030,The Vampire,oni,641,3.32 ,3.59 ,3.22 ,3.93 ,3.77 ,4.46 ,1.76 ,3.04 
1031,"Hello, Worldooon!!",edit,954,13.13 ,12.58 ,12.71 ,11.89 ,12.99 ,11.93 ,14.18 ,13.44 
1031,"Hello, Worldooon!!",oni,494,1.08 ,5.37 ,9.07 ,1.44 ,0.02 ,0.03 ,1.19 ,10.71 
1032,Emma,edit,1074,14.70 ,14.84 ,14.92 ,13.81 ,15.50 ,14.90 ,14.47 ,12.25 
1032,Emma,oni,571,2.48 ,2.68 ,2.16 ,3.59 ,2.31 ,4.35 ,0.00 ,1.69 
1033,Aloft in the wind,edit,784,9.95 ,9.94 ,11.68 ,9.86 ,10.90 ,14.39 ,8.79 ,4.48 
1033,Aloft in the wind,oni,441,1.21 ,2.01 ,5.44 ,1.66 ,0.16 ,8.71 ,1.26 ,1.01 
1034,幻想に咲いた花,oni,740,4.26 ,4.39 ,3.52 ,5.76 ,4.14 ,7.85 ,1.88 ,2.23 
1035,マツヨイナイトバグ,edit,1089,11.03 ,10.27 ,10.49 ,12.89 ,10.50 ,12.00 ,9.16 ,2.99 
1035,マツヨイナイトバグ,oni,678,3.96 ,4.10 ,3.93 ,4.87 ,3.64 ,8.08 ,3.09 ,2.65 
1036,Don't Doubt This Love,oni,752,5.45 ,5.72 ,6.27 ,3.82 ,0.79 ,0.01 ,8.53 ,6.80 
1037,BATTLE NO.1,oni,985,10.44 ,10.60 ,12.00 ,11.00 ,10.92 ,13.94 ,9.10 ,9.75 
1038,Walking with you,oni,480,3.83 ,3.94 ,2.85 ,4.99 ,3.97 ,7.79 ,1.66 ,0.54 
1039,鼓舞曲「阎魔」,oni,979,12.36 ,11.26 ,11.70 ,12.25 ,10.61 ,13.03 ,13.79 ,8.47 
1040,魑魅魍魉,oni,1085,13.69 ,13.39 ,13.30 ,14.16 ,13.03 ,14.51 ,13.61 ,11.93 
1041,Bachi! Muchi!? Musclekingdom,oni,961,13.12 ,12.94 ,13.01 ,12.80 ,12.71 ,14.84 ,13.59 ,13.05 
1042,刻龙 ～Kokuryu～,edit,1172,14.31 ,14.16 ,13.98 ,15.15 ,12.95 ,15.11 ,14.48 ,10.97 
1042,刻龙 ～Kokuryu～,oni,885,12.81 ,11.59 ,11.47 ,11.53 ,11.94 ,11.00 ,14.51 ,10.64 
1043,憎恶与丑恶的花束,edit,1170,15.07 ,15.26 ,15.32 ,15.23 ,15.50 ,14.98 ,14.19 ,12.81 
1043,憎恶与丑恶的花束,oni,722,12.24 ,12.00 ,12.81 ,10.90 ,11.44 ,14.36 ,13.95 ,13.47 
1044,大冒险TATSUDON,oni,354,4.16 ,3.70 ,2.64 ,1.91 ,0.65 ,0.01 ,6.88 ,2.15 
1045,一世风靡,oni,867,8.77 ,8.84 ,8.29 ,8.71 ,5.34 ,7.69 ,11.12 ,8.21 
1046,怪獣少女は火を吹かない,edit,621,9.84 ,9.43 ,7.67 ,10.23 ,10.63 ,8.67 ,8.32 ,5.54 
1046,怪獣少女は火を吹かない,oni,541,7.34 ,7.25 ,6.36 ,6.04 ,8.77 ,8.67 ,6.81 ,3.22 
1047,Sapphire On Fire,oni,788,8.62 ,9.34 ,11.35 ,8.31 ,8.80 ,11.86 ,8.59 ,11.56 
1048,Unlimited Games,edit,1210,15.14 ,15.03 ,14.92 ,14.99 ,14.82 ,14.62 ,15.34 ,11.42 
1048,Unlimited Games,oni,833,11.07 ,12.06 ,12.49 ,8.05 ,12.17 ,14.62 ,12.27 ,11.89 
1049,The Nue and Morning Stars,oni,904,11.49 ,11.09 ,11.04 ,10.69 ,11.67 ,10.34 ,11.88 ,10.56 
1050,"Hello, Mr.JOKER",oni,821,10.19 ,11.25 ,12.19 ,7.55 ,11.19 ,12.65 ,11.20 ,13.30 
1051,punk bastards,oni,749,11.71 ,10.85 ,10.65 ,10.81 ,11.43 ,10.12 ,12.61 ,8.41 
1052,the telescope in virtual reality,edit,1176,14.18 ,13.41 ,13.76 ,14.43 ,12.64 ,11.64 ,15.10 ,14.16 
1052,the telescope in virtual reality,oni,742,10.29 ,10.62 ,11.15 ,7.02 ,10.26 ,11.27 ,12.63 ,11.77 
1053,平等院凤凰咚 vs 鸟兽戏咔,edit,1099,11.68 ,10.57 ,9.71 ,13.11 ,10.91 ,9.47 ,10.66 ,4.25 
1053,平等院凤凰咚 vs 鸟兽戏咔,oni,555,2.06 ,2.77 ,5.59 ,2.66 ,1.40 ,8.67 ,1.89 ,2.47 
1054,第六感,oni,540,2.01 ,1.82 ,1.41 ,2.58 ,0.18 ,0.01 ,2.30 ,1.26 
1055,Baby Shark,oni,318,0.35 ,1.08 ,1.78 ,0.56 ,0.00 ,0.00 ,0.20 ,2.10 
1056,再见宣言,edit,981,8.48 ,9.32 ,9.99 ,9.14 ,10.61 ,11.87 ,4.15 ,8.14 
1056,再见宣言,oni,686,2.43 ,2.51 ,1.82 ,3.95 ,1.21 ,5.17 ,0.62 ,0.47 
1057,USATEI,oni,693,4.57 ,5.06 ,4.80 ,6.03 ,1.80 ,8.08 ,4.71 ,4.08 
1058,最喜欢的太鼓鼓声,edit,876,11.36 ,10.00 ,8.87 ,12.54 ,10.46 ,8.09 ,10.76 ,3.19 
1058,最喜欢的太鼓鼓声,oni,795,6.51 ,6.44 ,4.64 ,8.75 ,5.55 ,8.08 ,4.28 ,2.85 
1059,踊,oni,439,3.81 ,4.11 ,4.50 ,2.74 ,0.25 ,1.58 ,5.96 ,4.87 
1060,YONA YONA DANCE,oni,500,5.17 ,6.21 ,7.88 ,5.21 ,0.62 ,0.18 ,7.19 ,8.89 
1061,如果我成为大统领,edit,641,8.47 ,8.83 ,9.68 ,9.41 ,10.25 ,12.40 ,4.40 ,6.36 
1061,如果我成为大统领,oni,436,1.88 ,2.15 ,1.96 ,3.10 ,0.94 ,6.57 ,0.00 ,0.16 
1062,僕の戦争,oni,411,1.82 ,1.57 ,0.97 ,2.69 ,0.94 ,0.14 ,1.28 ,0.59 
1063,明け星,oni,233,0.32 ,0.31 ,0.19 ,0.56 ,0.00 ,0.00 ,0.00 ,0.15 
1064,Fun!Fun!Fun! ～夢∞～,oni,296,0.81 ,1.07 ,1.17 ,1.38 ,0.21 ,3.96 ,0.00 ,0.38 
1065,liveDevil,oni,336,1.20 ,1.82 ,2.20 ,2.05 ,0.15 ,3.77 ,0.01 ,2.23 
1066,远鼓的2000,oni,1008,12.84 ,12.22 ,12.10 ,13.48 ,12.02 ,10.18 ,12.73 ,12.04 
1067,Agent Hustle & Dr. Hassle,edit,518,4.39 ,5.92 ,8.66 ,2.52 ,1.68 ,11.00 ,6.93 ,6.77 
1067,Agent Hustle & Dr. Hassle,oni,693,9.84 ,9.50 ,9.30 ,7.58 ,10.31 ,11.01 ,11.11 ,6.98 
1068,Spectral Rider,oni,748,11.13 ,10.50 ,11.22 ,6.87 ,10.88 ,12.05 ,14.20 ,9.63 
1069,Solitude Star,oni,766,10.19 ,9.72 ,9.98 ,8.59 ,10.28 ,11.27 ,11.34 ,3.97 
1070,小咚 世界旅行,oni,573,1.10 ,0.95 ,0.52 ,1.89 ,0.06 ,0.03 ,0.00 ,0.16 
1071,ex寅 Trap!!,oni,888,11.50 ,10.76 ,11.79 ,9.44 ,10.72 ,10.12 ,13.71 ,13.89 
1072,The Future of the TAIKO DRUM,edit,1400,14.70 ,14.78 ,14.77 ,15.20 ,14.70 ,14.73 ,13.90 ,10.85 
1072,The Future of the TAIKO DRUM,oni,974,12.14 ,11.57 ,12.22 ,10.70 ,10.98 ,13.13 ,14.22 ,12.99 
1073,喜欢喜欢星人,oni,398,0.84 ,1.83 ,2.57 ,1.41 ,0.10 ,7.74 ,0.33 ,1.60 
1074,以后别做朋友,oni,275,0.00 ,0.18 ,0.23 ,0.00 ,0.00 ,0.00 ,0.00 ,0.28 
1075,Sugar,oni,412,1.12 ,1.09 ,0.52 ,1.93 ,0.05 ,0.00 ,0.00 ,0.00 
1076,来自天堂的魔鬼,oni,268,0.46 ,0.42 ,0.21 ,0.79 ,0.03 ,0.02 ,0.00 ,0.01 
1077,Cinderella,edit,978,5.91 ,5.85 ,4.68 ,7.49 ,4.03 ,6.68 ,5.59 ,3.98 
1077,Cinderella,oni,661,1.47 ,1.54 ,1.17 ,2.52 ,0.13 ,2.37 ,0.11 ,0.84 
1078,ストロベリー☆プラネット！,oni,464,0.98 ,1.28 ,1.38 ,1.55 ,0.04 ,4.81 ,0.68 ,0.24 
1079,GO ON ～朝向未来～,oni,720,5.27 ,6.94 ,9.40 ,3.77 ,0.16 ,0.16 ,8.25 ,10.74 
1080,業 -善なる神とこの世の悪について-,edit,1195,13.59 ,13.17 ,12.88 ,14.20 ,12.81 ,14.81 ,13.48 ,9.14 
1080,業 -善なる神とこの世の悪について-,oni,875,8.94 ,8.70 ,6.90 ,8.44 ,10.37 ,8.09 ,7.63 ,5.82 
1081,METAMETA☆Universe!,edit,876,12.18 ,11.53 ,11.29 ,12.37 ,11.12 ,12.75 ,12.78 ,9.77 
1081,METAMETA☆Universe!,oni,564,5.67 ,5.73 ,4.59 ,5.78 ,7.11 ,7.50 ,3.39 ,3.77 
1082,Love You☆小咚,edit,448,1.17 ,4.76 ,7.99 ,1.70 ,0.02 ,0.27 ,1.07 ,9.43 
1082,Love You☆小咚,oni,509,3.63 ,3.83 ,4.23 ,2.80 ,0.16 ,0.00 ,5.58 ,4.59 
1083,TONGACHIN,oni,474,6.72 ,7.26 ,8.29 ,3.97 ,3.90 ,2.83 ,10.14 ,9.05 
1084,红茶店「雨天」,edit,664,3.30 ,4.22 ,5.13 ,3.39 ,0.19 ,2.79 ,4.55 ,5.74 
1084,红茶店「雨天」,oni,435,1.08 ,1.02 ,0.92 ,1.40 ,0.01 ,0.00 ,1.22 ,0.92 
1085,弧,oni,1138,12.69 ,11.47 ,11.45 ,13.74 ,10.59 ,12.50 ,13.27 ,8.03 
1086,Player's High,oni,913,13.32 ,12.63 ,12.64 ,12.90 ,12.28 ,12.98 ,14.45 ,12.52 
1087,Streamer,oni,432,1.66 ,2.04 ,2.64 ,2.31 ,0.09 ,0.00 ,1.68 ,2.99 
1088,プロミスザスター,edit,669,5.77 ,5.59 ,2.99 ,8.16 ,5.51 ,5.17 ,1.24 ,0.17 
1088,プロミスザスター,oni,332,0.75 ,1.17 ,1.43 ,1.23 ,0.37 ,5.17 ,0.00 ,0.16 
1089,阿修羅ちゃん,oni,461,4.91 ,5.48 ,6.34 ,3.44 ,0.75 ,1.90 ,7.68 ,6.98 
1090,Dried Flower,oni,243,0.23 ,1.17 ,1.98 ,0.25 ,0.00 ,0.00 ,0.30 ,2.33 
1091,Cheers！デリシャスパーティ?プリキュア,oni,274,0.39 ,1.39 ,2.07 ,0.67 ,0.01 ,7.58 ,0.02 ,0.14 
1092,Animal,oni,824,3.17 ,3.36 ,2.98 ,4.92 ,1.45 ,7.97 ,1.85 ,1.07 
1094,Racing the Storm,oni,787,7.26 ,6.56 ,5.06 ,6.99 ,2.56 ,0.62 ,10.04 ,4.49 
1095,MAO-u,oni,473,4.56 ,4.95 ,6.62 ,2.53 ,1.07 ,9.25 ,7.36 ,3.06 
1096,NEKOKUJIRA,edit,826,8.02 ,7.96 ,7.86 ,7.90 ,7.35 ,9.25 ,8.62 ,6.12 
1096,NEKOKUJIRA,oni,591,2.42 ,3.52 ,6.60 ,2.67 ,0.30 ,9.23 ,3.17 ,3.72 
1097,ON SAY GO SAY,edit,621,11.74 ,12.43 ,12.36 ,8.56 ,12.99 ,12.17 ,12.90 ,11.98 
1097,ON SAY GO SAY,oni,346,4.30 ,3.81 ,2.69 ,2.13 ,0.58 ,0.08 ,7.08 ,2.16 
1098,SORA-V Cosmic Bird,oni,354,1.39 ,3.55 ,5.63 ,2.18 ,0.02 ,1.59 ,1.01 ,6.60 
1099,Challengers,oni,753,12.76 ,13.19 ,13.65 ,10.83 ,12.93 ,15.34 ,14.08 ,13.51 
1100,Kill My Fortune,edit,1107,11.46 ,11.08 ,11.39 ,11.61 ,10.85 ,12.75 ,11.70 ,7.99 
1100,Kill My Fortune,oni,627,2.17 ,2.49 ,2.32 ,3.58 ,0.95 ,7.50 ,0.45 ,0.65 
1101,一途,oni,495,3.17 ,3.25 ,2.38 ,5.32 ,1.03 ,2.83 ,0.57 ,2.04 
1102,俺こそオンリーワン,oni,263,0.82 ,0.89 ,1.02 ,1.06 ,0.01 ,0.01 ,0.93 ,1.13 
1103,像神一样啊,edit,699,10.95 ,9.83 ,11.10 ,10.05 ,8.79 ,9.42 ,13.30 ,13.50 
1103,像神一样啊,oni,468,2.07 ,3.59 ,5.43 ,3.01 ,0.16 ,0.09 ,1.89 ,6.33 
1104,Aragami,oni,839,12.55 ,11.55 ,10.85 ,12.12 ,11.00 ,13.92 ,14.12 ,5.34 
1105,せかいのおと - sekai note -,oni,463,2.61 ,3.29 ,3.53 ,2.73 ,0.36 ,2.83 ,3.54 ,3.83 
1106,Libera Ray,oni,860,11.76 ,10.67 ,10.45 ,10.18 ,11.04 ,10.53 ,13.57 ,7.00 
1107,Irodoru?Future,oni,850,6.97 ,6.92 ,6.03 ,7.92 ,6.78 ,8.32 ,5.95 ,4.72 
1108,其方，激昂,oni,994,11.66 ,11.41 ,12.16 ,11.19 ,11.28 ,13.62 ,12.25 ,11.14 
1109,女神的世界 II,oni,778,4.37 ,4.47 ,3.27 ,4.67 ,1.39 ,4.71 ,5.72 ,2.66 
1110,今天是太鼓日,oni,251,0.54 ,1.02 ,1.57 ,0.94 ,0.01 ,0.00 ,0.00 ,1.83 
1111,怪物,oni,466,2.64 ,2.77 ,2.05 ,4.30 ,1.49 ,5.17 ,0.00 ,1.07 
1112,CITRUS,oni,297,1.71 ,2.15 ,2.81 ,0.63 ,0.01 ,0.00 ,2.88 ,3.19 
1113,なにやってもうまくいかない,oni,561,3.14 ,2.91 ,2.44 ,2.88 ,0.24 ,0.00 ,4.57 ,2.32 
1114,Shining Star,oni,369,1.38 ,1.40 ,0.90 ,2.36 ,0.29 ,2.37 ,0.00 ,0.14 
1115,新时代,oni,542,2.05 ,2.30 ,2.01 ,3.49 ,0.55 ,6.33 ,0.00 ,0.63 
1116,Mixed nuts,edit,600,8.57 ,8.94 ,9.11 ,8.34 ,4.68 ,9.86 ,11.24 ,8.49 
1116,Mixed nuts,oni,412,2.21 ,1.91 ,1.06 ,2.73 ,1.39 ,0.60 ,2.28 ,0.31 
1117,1?2?3,oni,436,1.89 ,2.28 ,2.30 ,3.02 ,1.17 ,7.62 ,0.40 ,0.54 
1118,HaneMari体操,oni,302,0.83 ,0.74 ,0.39 ,1.44 ,0.02 ,0.09 ,0.00 ,0.03 
1119,GOING TO LUNATEA,oni,562,4.18 ,3.92 ,3.42 ,3.15 ,0.30 ,0.00 ,6.47 ,3.34 
1120,R.I.P.Hero,edit,1316,13.69 ,13.54 ,13.43 ,14.63 ,13.23 ,14.73 ,12.89 ,11.11 
1120,R.I.P.Hero,oni,569,6.68 ,8.34 ,9.76 ,2.37 ,10.16 ,11.00 ,4.84 ,9.22 
1121,SUPERNOVA,edit,1103,12.25 ,11.81 ,11.49 ,12.88 ,11.47 ,12.62 ,12.13 ,9.98 
1121,SUPERNOVA,oni,937,10.86 ,10.88 ,12.34 ,10.97 ,11.49 ,14.70 ,9.85 ,8.74 
1122,狂澜怒涛,edit,1108,14.87 ,14.84 ,14.94 ,14.86 ,14.37 ,14.50 ,15.11 ,14.34 
1122,狂澜怒涛,oni,655,7.35 ,8.08 ,7.45 ,7.14 ,3.19 ,8.24 ,9.95 ,7.27 
1123,修錬愛情 Practice Love,oni,264,0.15 ,0.17 ,0.07 ,0.26 ,0.00 ,0.00 ,0.00 ,0.00 
1124,Savage Love,oni,272,1.83 ,2.04 ,2.41 ,1.11 ,0.00 ,0.00 ,2.95 ,2.68 
1125,DANCE MONKEY,oni,397,0.34 ,3.91 ,6.68 ,0.59 ,0.00 ,0.00 ,0.00 ,7.90 
1126,被比较的孩子,oni,469,2.76 ,4.29 ,6.29 ,1.40 ,0.02 ,0.10 ,4.54 ,7.28 
1127,Just Awake,oni,524,6.31 ,6.25 ,4.33 ,7.75 ,6.50 ,8.14 ,3.98 ,1.82 
1129,神龙 ～Shinryu～,edit,1365,15.07 ,15.00 ,15.02 ,15.16 ,14.46 ,14.50 ,15.30 ,13.62 
1129,神龙 ～Shinryu～,oni,973,11.72 ,11.18 ,12.30 ,11.59 ,10.37 ,14.03 ,12.86 ,10.30 
1130,SORA-IV BUMPA SONG,oni,555,1.83 ,2.26 ,2.32 ,1.34 ,0.04 ,7.58 ,2.86 ,0.79 
1131,LOVELY X,edit,662,5.07 ,5.48 ,5.04 ,5.82 ,0.68 ,4.57 ,6.47 ,5.09 
1131,LOVELY X,oni,509,1.43 ,1.68 ,2.08 ,2.45 ,0.06 ,0.01 ,0.24 ,2.34 
1132,每天都是Donderful,oni,595,2.07 ,2.49 ,3.17 ,2.27 ,0.34 ,0.03 ,2.72 ,3.58 
1133,Doppelgangers,edit,929,10.24 ,9.81 ,10.98 ,11.76 ,10.48 ,12.57 ,7.93 ,7.22 
1133,Doppelgangers,oni,634,3.17 ,3.30 ,2.52 ,4.86 ,1.92 ,7.04 ,1.56 ,0.99 
1134,Aleph-0,oni,579,9.48 ,10.40 ,10.88 ,7.16 ,10.62 ,11.58 ,10.13 ,10.80 
1135,Kawachi Ondo ~Fushidukushi~,oni,400,0.85 ,3.06 ,5.11 ,0.80 ,0.00 ,0.00 ,1.22 ,6.03 
1136,hololive ondo,oni,360,0.68 ,0.58 ,0.34 ,1.12 ,0.01 ,0.00 ,0.34 ,0.15 
1137,明明低贱如土却想要夺走只属於我的重要之物,oni,770,7.77 ,7.74 ,8.13 ,7.22 ,6.70 ,10.12 ,9.05 ,5.61 
1138,Ciki Ciki Bam Bam,oni,448,3.34 ,3.07 ,2.51 ,4.31 ,0.38 ,0.00 ,3.79 ,2.35 
1139,DARLING DANCE,oni,728,4.70 ,4.35 ,3.67 ,5.55 ,1.58 ,1.20 ,5.66 ,3.49 
1140,Scarlet Police on Ghetto Patrol 24PM,edit,879,10.73 ,10.34 ,10.17 ,10.11 ,10.33 ,10.76 ,11.51 ,7.42 
1140,Scarlet Police on Ghetto Patrol 24PM,oni,562,2.78 ,2.88 ,2.14 ,4.41 ,1.70 ,3.33 ,0.75 ,1.73 
1141,オドループ,oni,695,2.88 ,2.95 ,2.01 ,4.85 ,1.09 ,5.63 ,0.00 ,0.14 
1142,恋ゲバ,oni,393,2.63 ,2.98 ,5.70 ,2.73 ,2.42 ,8.78 ,2.67 ,1.34 
1143,ALIVE,oni,391,1.96 ,2.32 ,2.24 ,3.26 ,0.88 ,7.50 ,0.00 ,0.41 
1144,Roppon no Bara to Sai no Uta,edit,1177,11.43 ,11.11 ,11.30 ,12.22 ,11.05 ,12.10 ,10.76 ,9.46 
1144,Roppon no Bara to Sai no Uta,oni,508,0.98 ,2.00 ,4.89 ,1.67 ,0.02 ,8.52 ,0.21 ,1.63 
1145,LΔchesis,edit,1024,13.34 ,13.07 ,13.20 ,14.05 ,12.25 ,14.54 ,13.42 ,13.35 
1145,LΔchesis,oni,654,8.98 ,8.66 ,5.77 ,7.81 ,10.30 ,7.97 ,8.48 ,3.79 
1146,Hater,edit,819,12.47 ,11.91 ,11.67 ,12.30 ,11.72 ,11.95 ,13.12 ,10.93 
1146,Hater,oni,555,7.34 ,8.00 ,8.62 ,5.02 ,7.88 ,9.83 ,8.52 ,7.62 
1147,Illusion Flare,oni,766,11.97 ,11.05 ,11.75 ,11.40 ,10.40 ,12.75 ,13.66 ,10.84 
1148,Habit,edit,656,6.21 ,5.57 ,4.18 ,5.31 ,0.18 ,0.00 ,9.27 ,3.62 
1148,Habit,oni,384,0.72 ,0.63 ,0.41 ,1.22 ,0.04 ,0.00 ,0.19 ,0.28 
1149,phony,edit,921,7.36 ,7.30 ,7.09 ,8.86 ,7.05 ,9.61 ,5.70 ,2.74 
1149,phony,oni,574,1.46 ,1.73 ,1.67 ,2.48 ,0.40 ,5.17 ,0.00 ,0.77 
1150,残响散歌,oni,436,1.89 ,2.08 ,1.75 ,3.21 ,0.54 ,5.40 ,0.00 ,0.56 
1151,Trust?Last,oni,285,0.51 ,0.83 ,1.03 ,0.88 ,0.03 ,3.68 ,0.00 ,0.20 
1152,Smile & Go!!,oni,494,3.28 ,3.19 ,2.29 ,4.82 ,2.01 ,2.83 ,2.16 ,1.82 
1153,Homenobi,oni,294,0.13 ,2.40 ,4.11 ,0.22 ,0.00 ,0.00 ,0.00 ,4.86 
1154,六华之舞,oni,708,9.86 ,10.44 ,10.64 ,6.78 ,10.26 ,11.06 ,11.71 ,10.70 
1155,美国巡逻兵,oni,415,3.52 ,5.13 ,7.32 ,1.84 ,0.03 ,0.00 ,5.77 ,8.45 
1156,NAKED GLOW,oni,823,6.77 ,7.26 ,8.19 ,4.60 ,0.38 ,0.01 ,10.71 ,8.96 
1157,Linda今天也是状态绝佳,edit,594,3.58 ,3.67 ,2.64 ,5.75 ,2.00 ,7.06 ,0.90 ,0.98 
1157,Linda今天也是状态绝佳,oni,444,1.74 ,1.99 ,1.83 ,2.86 ,0.61 ,6.10 ,0.64 ,0.25 
1158,诗讴兔摇荡兔,oni,680,5.55 ,6.54 ,8.12 ,5.60 ,3.00 ,9.92 ,7.14 ,6.63 
1159,SURIKEN RUNNER,oni,678,7.65 ,7.53 ,5.38 ,8.34 ,8.05 ,7.80 ,6.25 ,4.08 
1160,闪光VALKYRJA,oni,615,7.23 ,7.16 ,6.87 ,6.96 ,9.37 ,9.25 ,4.33 ,2.80 
1161,Ahoy!! We are Houshou Pirates,oni,428,1.61 ,1.97 ,2.03 ,2.63 ,0.44 ,5.17 ,0.74 ,1.52 
1162,NENENENENENENENE!DAIBAKUSOU,oni,451,2.09 ,2.48 ,2.41 ,3.54 ,0.59 ,5.17 ,0.06 ,2.04 
1163,白日梦，溶入雾雨中,oni,690,6.39 ,6.41 ,7.03 ,4.96 ,7.76 ,9.10 ,6.02 ,4.41 
1164,Unchained girl!,oni,725,6.67 ,6.37 ,5.83 ,5.22 ,2.35 ,1.68 ,9.96 ,5.83 
1165,Space-Time Emergency,oni,558,8.18 ,8.62 ,9.21 ,6.32 ,3.04 ,5.54 ,12.22 ,9.79 
1166,RAINBOW★SKY,oni,768,10.20 ,9.46 ,6.64 ,10.54 ,10.22 ,7.79 ,9.64 ,4.91 
1167,Jun Bride,oni,539,1.89 ,2.01 ,1.62 ,3.14 ,0.67 ,4.70 ,0.53 ,0.63 
1168,オーバード,edit,733,8.49 ,8.37 ,11.61 ,8.16 ,3.59 ,14.60 ,11.58 ,13.41 
1168,オーバード,oni,441,1.30 ,2.23 ,3.37 ,2.09 ,0.15 ,0.00 ,0.80 ,3.92 
1169,IrohaStep!,oni,536,1.53 ,1.61 ,1.30 ,2.34 ,0.57 ,1.90 ,1.04 ,1.15 
1170,YELL EX MACHINA!,oni,765,8.30 ,7.80 ,4.49 ,8.54 ,8.88 ,6.68 ,7.24 ,1.84 
1171,共奏鼓祭,edit,870,11.88 ,11.83 ,11.67 ,11.32 ,12.23 ,14.86 ,11.84 ,8.72 
1171,共奏鼓祭,oni,647,6.14 ,6.44 ,7.62 ,5.43 ,3.98 ,9.83 ,8.16 ,5.05 
1172,Destination 2F29,oni,995,13.37 ,13.46 ,14.11 ,13.25 ,13.19 ,15.25 ,13.44 ,15.46 
1173,AKIBA 20XX,oni,819,11.88 ,10.59 ,10.18 ,12.32 ,11.12 ,9.25 ,11.95 ,8.16 
1174,爆裂Thaumazein (Prod. ChibaNyan),oni,827,5.47 ,5.48 ,4.96 ,6.13 ,6.88 ,8.44 ,1.96 ,1.01 
1175,"IAM (feat. Shogo, Tsubasa)",oni,591,3.15 ,2.76 ,1.84 ,2.70 ,0.07 ,0.03 ,4.70 ,1.34 
1176,Crush (Prod. SHOW),oni,502,2.22 ,2.27 ,2.38 ,2.96 ,0.11 ,0.00 ,2.42 ,2.54 
1177,good night baby (feat. Moe Shop),oni,405,1.10 ,1.36 ,1.77 ,1.75 ,0.10 ,0.00 ,0.72 ,2.00 
1178,Watashino Ichiban Kawaii Tokoro,oni,357,2.57 ,3.14 ,4.05 ,1.48 ,0.07 ,0.00 ,4.16 ,4.59 
1179,Harudion,oni,479,2.88 ,2.54 ,1.52 ,4.50 ,1.17 ,1.31 ,1.72 ,0.78 
1180,闪光,oni,644,7.69 ,7.63 ,7.51 ,5.39 ,10.04 ,9.13 ,6.73 ,5.40 
1181,奇想天外ふしぎをどうぞ,oni,231,2.17 ,2.45 ,2.94 ,1.56 ,0.06 ,0.03 ,3.40 ,3.27 
1182,喜欢是不需要理由的！,oni,604,5.47 ,5.40 ,5.34 ,6.47 ,4.24 ,4.03 ,5.38 ,5.42 
1183,Drawing☆Dream!,oni,532,3.75 ,4.20 ,4.98 ,2.50 ,0.15 ,0.10 ,5.95 ,5.52 
1184,Donchan Shitai!,oni,768,8.60 ,8.43 ,6.26 ,9.15 ,10.26 ,8.49 ,5.51 ,3.27 
1185,鼓立青春学园校歌,oni,613,9.03 ,10.55 ,12.41 ,9.77 ,12.10 ,14.60 ,0.00 ,9.66 
1186,Bukan Cinta Biasa,oni,321,0.28 ,0.26 ,0.14 ,0.48 ,0.00 ,0.00 ,0.00 ,0.05 
1187,爱你,oni,192,0.29 ,0.31 ,0.25 ,0.51 ,0.00 ,0.00 ,0.00 ,0.25 
1188,逆战,oni,337,1.06 ,1.04 ,0.49 ,1.83 ,0.06 ,0.00 ,0.00 ,0.00 
1190, 'O sole mio,oni,381,4.36 ,4.89 ,7.02 ,3.30 ,2.56 ,9.54 ,6.25 ,4.10 
1191,祝福,oni,505,4.08 ,4.03 ,2.33 ,6.24 ,3.20 ,5.17 ,0.28 ,0.18 
1192,Tokyo Shandy Rendezvous,oni,490,5.83 ,6.37 ,7.36 ,4.08 ,0.43 ,0.06 ,9.16 ,8.11 
1193,OTONABLUE,oni,446,4.56 ,5.15 ,6.16 ,2.33 ,0.13 ,0.00 ,7.49 ,6.86 
1194,我最强,oni,435,2.81 ,3.31 ,3.99 ,3.82 ,1.33 ,8.20 ,2.64 ,2.55 
1195,ひろがるスカイ！プリキュア ～Hero Girls～,oni,319,1.18 ,1.79 ,2.24 ,1.85 ,0.27 ,7.73 ,0.80 ,0.41 
1196,La MORENA KUMONAI,edit,1119,12.82 ,12.49 ,13.83 ,11.72 ,11.74 ,14.50 ,14.55 ,15.50 
1196,La MORENA KUMONAI,oni,613,3.55 ,6.24 ,9.48 ,2.43 ,0.49 ,0.76 ,5.60 ,11.04 
1197,Re：End of a Dream,edit,999,11.67 ,11.64 ,11.75 ,11.35 ,11.60 ,14.58 ,11.84 ,10.32 
1197,Re：End of a Dream,oni,602,3.34 ,4.79 ,7.31 ,3.73 ,1.03 ,9.32 ,4.25 ,5.73 
1198,Brain Power,oni,708,8.97 ,8.41 ,5.70 ,9.29 ,8.32 ,7.12 ,9.11 ,4.06 
1199,Subtitle,oni,279,0.64 ,0.60 ,0.54 ,0.48 ,0.00 ,0.00 ,0.99 ,0.54 
1200,Zenryoku King,oni,305,2.48 ,2.32 ,1.51 ,2.05 ,0.03 ,1.49 ,3.75 ,1.08 
1201,全力咚咚咚咚咚！,edit,889,11.76 ,10.46 ,9.60 ,13.07 ,10.95 ,9.03 ,10.93 ,4.46 
1201,全力咚咚咚咚咚！,oni,329,1.40 ,2.22 ,5.42 ,1.43 ,0.77 ,8.67 ,1.79 ,1.74 
1202,我们是无敌的多贡团,oni,540,2.34 ,2.03 ,1.25 ,4.01 ,0.47 ,0.18 ,0.00 ,0.76 
1203,朦胧的净化,oni,433,1.42 ,1.58 ,1.86 ,1.31 ,0.02 ,0.00 ,2.07 ,2.06 
1204,Back to Life,oni,275,1.25 ,1.16 ,0.96 ,1.34 ,0.01 ,0.00 ,1.69 ,0.91 
1205,GO ON YA WAY(feat. 超学生),oni,447,2.95 ,2.63 ,1.90 ,3.81 ,1.02 ,0.60 ,3.19 ,1.57 
1206,Crystal Hail,oni,817,9.26 ,8.90 ,9.84 ,8.06 ,4.03 ,9.97 ,13.15 ,9.89 
1207,"AtoZ,I leave toZ",oni,759,7.45 ,7.31 ,4.52 ,7.49 ,9.59 ,8.08 ,4.02 ,1.61 
1208,NAGOYABAYASHI,oni,558,0.36 ,1.10 ,1.59 ,0.62 ,0.00 ,5.48 ,0.00 ,0.71 
1209,IDOL,oni,540,5.44 ,5.09 ,2.75 ,7.24 ,5.29 ,4.23 ,2.69 ,0.13 
1210,DOKIMEKI DIARY,edit,636,8.04 ,7.86 ,4.62 ,10.03 ,9.08 ,7.87 ,2.94 ,1.92 
1210,DOKIMEKI DIARY,oni,457,2.44 ,2.72 ,2.53 ,3.90 ,0.66 ,7.79 ,1.41 ,0.64 
1211,不知醉,oni,483,1.70 ,5.37 ,8.84 ,1.75 ,0.07 ,1.04 ,2.34 ,10.41 
1212,Rat A Tat!!!,edit,567,8.19 ,8.02 ,5.01 ,8.28 ,10.05 ,8.20 ,5.43 ,1.71 
1212,Rat A Tat!!!,oni,251,0.53 ,1.56 ,3.21 ,0.48 ,0.25 ,8.20 ,0.73 ,0.57 
1213,Surges,edit,768,9.63 ,8.76 ,9.79 ,9.05 ,2.69 ,8.97 ,13.62 ,10.57 
1213,Surges,oni,523,6.00 ,7.56 ,9.98 ,2.24 ,0.54 ,0.85 ,10.06 ,11.34 
1214,GORI × GORI × SafaRI,edit,1054,12.69 ,12.33 ,12.95 ,12.33 ,11.44 ,13.26 ,13.95 ,15.00 
1214,GORI × GORI × SafaRI,oni,606,4.32 ,5.07 ,5.51 ,6.05 ,2.95 ,8.08 ,3.17 ,5.30 
1215,Nosferatu,edit,1353,13.83 ,13.52 ,13.43 ,14.16 ,13.15 ,15.50 ,13.91 ,10.42 
1215,Nosferatu,oni,876,10.36 ,9.75 ,9.26 ,9.58 ,10.15 ,8.67 ,11.11 ,8.25 
1216,CUT! into the FUTURE,edit,1338,14.30 ,14.19 ,14.06 ,14.80 ,13.43 ,15.15 ,14.37 ,11.38 
1216,CUT! into the FUTURE,oni,989,11.44 ,11.36 ,11.33 ,10.17 ,11.88 ,10.77 ,11.97 ,11.12 
1217,Chu，多样性。,oni,468,2.53 ,2.33 ,1.81 ,3.74 ,0.96 ,1.20 ,2.02 ,1.59 
1218,绊之奇迹,edit,599,5.99 ,5.76 ,3.19 ,7.67 ,6.33 ,5.17 ,2.75 ,0.98 
1218,绊之奇迹,oni,281,0.33 ,1.06 ,1.54 ,0.56 ,0.07 ,5.17 ,0.00 ,0.77 
1219,うまぴょい伝説,edit,825,6.83 ,6.36 ,3.58 ,8.70 ,7.21 ,5.20 ,3.28 ,1.20 
1219,うまぴょい伝説,oni,557,2.09 ,2.21 ,1.72 ,3.45 ,0.91 ,5.17 ,0.51 ,0.43 
1220,Destr0yer,edit,804,11.01 ,10.69 ,11.38 ,11.54 ,11.75 ,12.75 ,9.39 ,5.03 
1220,Destr0yer,oni,405,0.68 ,0.61 ,0.33 ,1.17 ,0.01 ,0.00 ,0.00 ,0.12 
1225,太鼓侍,edit,641,4.15 ,6.94 ,8.81 ,4.23 ,0.60 ,7.61 ,5.73 ,9.90 
1225,太鼓侍,oni,581,3.14 ,4.42 ,6.19 ,3.88 ,0.43 ,0.02 ,3.74 ,7.12 
1226,敬启，我在学校...,edit,716,5.41 ,5.11 ,4.10 ,5.44 ,0.69 ,2.55 ,7.54 ,3.78 
1226,敬启，我在学校...,oni,443,1.09 ,2.54 ,4.08 ,1.80 ,0.12 ,0.01 ,0.54 ,4.79 
1227,23点54分，通往阳光旅途的前奏,edit,1423,15.05 ,15.17 ,15.09 ,15.24 ,15.50 ,14.51 ,14.09 ,11.89 
1227,23点54分，通往阳光旅途的前奏,oni,987,12.61 ,12.74 ,12.84 ,11.77 ,12.97 ,14.50 ,12.83 ,12.34 
1228,Kyoufuu Ooru Bakku ( feat. Kaai Yuki ),oni,571,1.41 ,1.65 ,2.05 ,2.07 ,0.07 ,0.01 ,1.27 ,2.30 
1229,Chronomia,oni,969,12.43 ,11.52 ,10.67 ,12.74 ,11.78 ,11.04 ,12.54 ,7.27 
1230,Tsubasa Gravity,oni,328,1.30 ,1.44 ,1.22 ,2.19 ,0.46 ,3.53 ,0.00 ,0.58 
1231,RHYTHM CONNECT,oni,645,3.87 ,4.06 ,4.45 ,2.59 ,0.14 ,0.00 ,6.13 ,4.82 
1232,Fallen Angel,oni,845,9.06 ,8.04 ,4.43 ,11.13 ,7.20 ,4.70 ,8.24 ,0.94 
1233,第零感,oni,423,1.65 ,2.27 ,3.10 ,2.66 ,0.17 ,0.60 ,0.99 ,3.55 
1234,Rabbit Hole,oni,916,7.14 ,6.74 ,3.72 ,9.86 ,5.54 ,5.87 ,4.79 ,0.89 
1235,Unwelcome School (MRM REMIX),edit,1244,12.64 ,11.98 ,11.59 ,14.08 ,11.45 ,13.62 ,12.02 ,5.12 
1235,Unwelcome School (MRM REMIX),oni,985,8.43 ,8.25 ,5.77 ,9.91 ,8.46 ,8.08 ,6.38 ,4.09 
1236,!!!琪露诺的完美算术时间!!!,oni,999,13.98 ,13.92 ,14.11 ,13.96 ,13.66 ,15.00 ,14.08 ,13.24 
1237,Mood Swing,edit,962,12.65 ,11.92 ,12.32 ,12.40 ,10.69 ,13.31 ,14.35 ,13.19 
1237,Mood Swing,oni,552,1.85 ,4.20 ,6.40 ,3.18 ,0.16 ,2.59 ,0.00 ,7.46 
1240,勇者,edit,657,10.65 ,10.05 ,9.53 ,9.75 ,10.89 ,9.13 ,11.07 ,5.99 
1240,勇者,oni,362,3.41 ,4.03 ,6.60 ,2.33 ,2.45 ,9.13 ,4.80 ,3.76 
1241,青之居所,oni,460,3.65 ,3.28 ,2.48 ,4.30 ,1.28 ,1.00 ,4.40 ,2.14 
1242,Cotton Candy E-I-E-I-O-!,oni,695,5.26 ,5.12 ,3.68 ,6.72 ,3.88 ,4.70 ,4.67 ,2.92 
1243,Hitorigotsu -Band Ver.-,oni,172,0.04 ,0.64 ,1.06 ,0.06 ,0.00 ,0.00 ,0.00 ,1.25 
1244,CHEMY×STORY,oni,326,1.00 ,0.85 ,0.48 ,1.45 ,0.01 ,0.00 ,0.91 ,0.16 
1245,女神的世界 I,oni,632,5.93 ,6.81 ,7.51 ,5.30 ,2.68 ,5.14 ,8.29 ,8.12 
1246,DESsERT de 烧肉（萨哈拉篇）,oni,759,6.98 ,8.23 ,8.05 ,5.37 ,0.49 ,7.92 ,10.74 ,8.38 
1247,单色的理想乡,oni,682,10.68 ,10.58 ,11.39 ,9.60 ,10.01 ,12.54 ,12.06 ,11.11 
1248,大勇者TATSUDON ~最强MyBachi传说~,oni,487,3.34 ,6.75 ,9.19 ,1.73 ,1.54 ,7.53 ,5.27 ,10.45 
1249,尽头的魔法使,edit,1167,13.86 ,13.36 ,13.24 ,13.79 ,13.00 ,14.68 ,14.48 ,12.36 
1249,尽头的魔法使,oni,809,8.59 ,8.45 ,7.92 ,7.09 ,7.87 ,9.52 ,10.32 ,5.64 
1250,Rocket mode,oni,698,7.36 ,7.25 ,5.27 ,7.23 ,8.47 ,8.11 ,6.04 ,3.64 
1251,Licht,edit,645,8.72 ,9.26 ,9.53 ,8.61 ,5.57 ,9.32 ,10.97 ,9.98 
1251,Licht,oni,403,1.28 ,2.95 ,4.10 ,2.19 ,0.28 ,4.27 ,0.00 ,4.60 
1252,Neon Sign,oni,392,1.85 ,2.93 ,4.31 ,2.13 ,0.04 ,0.00 ,2.36 ,5.00 
1254,Nameless Story,oni,446,3.46 ,3.80 ,4.80 ,4.06 ,2.18 ,8.38 ,3.78 ,2.84 
1255,电脑幻夜之星言咏唱,oni,901,12.93 ,12.47 ,12.51 ,12.70 ,12.00 ,14.86 ,13.79 ,11.08 
1256,转生<TENSEI> -喜与志等待的强者-,edit,999,12.86 ,11.84 ,11.46 ,13.43 ,11.24 ,13.80 ,13.55 ,7.66 
1256,转生<TENSEI> -喜与志等待的强者-,oni,611,6.00 ,6.03 ,6.50 ,4.98 ,7.05 ,8.67 ,5.67 ,4.41 
1257,浓红,oni,950,10.53 ,10.08 ,10.35 ,7.99 ,11.49 ,9.83 ,11.53 ,7.77 
1258,Fly away(にじさんじ),oni,579,3.83 ,4.01 ,5.68 ,4.95 ,2.57 ,8.67 ,3.52 ,2.26 
1259,FAMIRES WARS,oni,723,5.03 ,6.78 ,8.52 ,4.99 ,5.01 ,8.08 ,4.99 ,9.39 
1260,CYBERgenicALICE(にじさんじ),oni,645,9.68 ,9.35 ,9.95 ,10.99 ,10.90 ,13.18 ,6.15 ,4.43 
1261,Marionette Pure,oni,619,6.98 ,7.89 ,7.52 ,6.84 ,1.33 ,8.49 ,9.79 ,7.12 
1262,Phoenix(にじさんじ),oni,555,3.39 ,3.36 ,2.01 ,5.37 ,2.27 ,4.70 ,0.00 ,0.21 
1263,不如就这样继续下去,oni,765,9.35 ,8.92 ,5.76 ,9.84 ,10.39 ,8.08 ,7.38 ,3.18 
1264,Hater,edit,819,12.47 ,11.91 ,11.67 ,12.30 ,11.72 ,11.95 ,13.12 ,10.93 
1264,Hater,oni,555,7.34 ,8.00 ,8.62 ,5.02 ,7.88 ,9.83 ,8.52 ,7.62 
1265,Angel Dream,edit,906,6.98 ,6.84 ,3.80 ,9.22 ,7.23 ,7.50 ,2.63 ,0.18 
1265,Angel Dream,oni,765,5.16 ,5.14 ,3.25 ,7.25 ,5.02 ,7.50 ,1.09 ,1.07 
1266,我是合成器,oni,612,2.27 ,7.12 ,10.00 ,2.46 ,0.15 ,4.00 ,3.03 ,13.31 
1267,Show,oni,460,3.90 ,3.53 ,2.75 ,3.70 ,0.47 ,0.01 ,5.58 ,2.46 
1268,Kyu-kurarin,edit,862,12.28 ,11.59 ,11.46 ,12.78 ,11.61 ,11.11 ,12.20 ,10.81 
1268,Kyu-kurarin,oni,605,6.34 ,7.34 ,8.85 ,5.54 ,5.69 ,9.83 ,7.50 ,8.45 
1269,halo,oni,386,1.21 ,1.49 ,1.50 ,2.07 ,0.32 ,5.17 ,0.00 ,0.16 
1271,钟,edit,705,7.39 ,7.52 ,6.74 ,7.50 ,2.24 ,5.50 ,10.04 ,6.67 
1271,钟,oni,395,1.02 ,0.99 ,0.94 ,1.52 ,0.03 ,0.00 ,0.88 ,0.96 
1272,卓球de脱臼,oni,621,3.73 ,3.32 ,2.38 ,4.05 ,0.13 ,0.00 ,4.98 ,1.95 
1273,试着?飞翔,oni,559,5.87 ,6.16 ,6.74 ,3.56 ,0.43 ,0.05 ,9.45 ,7.31 
1274,风魔Module 6768,edit,906,8.84 ,8.71 ,7.66 ,7.38 ,10.01 ,9.37 ,8.78 ,4.92 
1274,风魔Module 6768,oni,644,3.08 ,3.96 ,5.96 ,3.20 ,0.17 ,8.64 ,4.23 ,3.80 
1275,SAY THE WORD,oni,512,1.85 ,1.86 ,1.16 ,2.49 ,1.68 ,2.94 ,1.09 ,0.10 
1276,融化,edit,982,13.19 ,13.17 ,13.52 ,13.47 ,12.31 ,15.01 ,13.52 ,14.63 
1276,融化,oni,788,10.95 ,10.67 ,11.45 ,10.45 ,10.35 ,9.89 ,11.79 ,13.47 
1277,打破空想,oni,491,2.71 ,3.78 ,4.36 ,4.52 ,0.95 ,7.50 ,0.58 ,4.32 
1278,???Chaos Time the DARK???,oni,1000,13.98 ,13.88 ,14.05 ,14.08 ,13.55 ,14.20 ,14.06 ,14.01 
1279,焦糖沉迷,oni,880,10.30 ,9.75 ,10.95 ,7.66 ,10.16 ,7.94 ,12.36 ,13.05 
1280,现在不跳舞要干嘛,oni,337,1.45 ,3.25 ,5.19 ,1.49 ,0.05 ,0.04 ,2.01 ,6.09 
1281,说谎,oni,227,0.08 ,0.09 ,0.04 ,0.14 ,0.00 ,0.00 ,0.00 ,0.00 
1282,无人之岛,oni,358,0.27 ,0.33 ,0.36 ,0.47 ,0.00 ,0.00 ,0.00 ,0.40 
1283,就懂了,oni,292,0.30 ,0.29 ,0.18 ,0.51 ,0.01 ,0.00 ,0.00 ,0.13 
1284,Yesterday,oni,334,0.83 ,0.73 ,0.39 ,1.43 ,0.03 ,0.00 ,0.00 ,0.11 
1285,麻雀,oni,262,0.19 ,0.19 ,0.14 ,0.33 ,0.00 ,0.00 ,0.00 ,0.13 
1286,开往早晨的午夜,oni,306,0.46 ,0.53 ,0.64 ,0.53 ,0.01 ,0.00 ,0.59 ,0.72 
1287,WOW,oni,304,0.46 ,0.43 ,0.24 ,0.79 ,0.00 ,0.00 ,0.00 ,0.13 
1292,Dance Hall,oni,472,1.35 ,1.89 ,2.65 ,1.55 ,0.02 ,0.01 ,1.73 ,3.05 
1293,最高到达点,oni,371,1.49 ,1.31 ,0.89 ,2.49 ,0.05 ,0.01 ,0.65 ,0.68 
1294,わんだふるぷりきゅあ！evolution!!,oni,307,0.66 ,1.34 ,1.82 ,1.13 ,0.05 ,6.10 ,0.00 ,0.88 
1295,便便朋友,edit,452,6.68 ,6.64 ,6.61 ,8.29 ,7.52 ,9.32 ,2.68 ,0.79 
1295,便便朋友,oni,189,0.27 ,0.26 ,0.14 ,0.46 ,0.00 ,0.00 ,0.00 ,0.08 
1296,清空,oni,599,8.09 ,8.78 ,10.89 ,6.11 ,6.45 ,12.75 ,10.74 ,9.53 
1297,SAVAGE DELIGHT,oni,858,11.84 ,10.75 ,11.18 ,10.11 ,10.81 ,9.17 ,14.02 ,12.87 
1298,miracle shooting star,oni,593,4.66 ,5.96 ,6.72 ,3.92 ,6.37 ,7.50 ,2.89 ,7.15 
1299,喜欢我不就好了吗？,oni,304,0.54 ,1.32 ,2.14 ,0.93 ,0.01 ,0.00 ,0.00 ,2.51 
1300,Show Time,oni,277,0.41 ,0.70 ,1.02 ,0.71 ,0.00 ,0.00 ,0.00 ,1.18 
1301,AMPTAKxCOLORS,oni,270,0.42 ,0.66 ,0.91 ,0.73 ,0.01 ,0.00 ,0.00 ,1.06 
1302,爆燃战队奔奔者,oni,224,0.22 ,1.03 ,1.52 ,0.38 ,0.01 ,5.60 ,0.00 ,0.29 
1303,HAPPY SYNTHESIZER,edit,548,8.02 ,7.45 ,6.34 ,5.74 ,0.43 ,0.00 ,12.55 ,6.09 
1303,HAPPY SYNTHESIZER,oni,331,1.25 ,2.99 ,4.81 ,1.04 ,0.02 ,0.00 ,1.89 ,5.65 
1304,who are you? who are you?,edit,949,10.63 ,9.98 ,11.68 ,12.53 ,11.37 ,13.98 ,6.97 ,4.88 
1304,who are you? who are you?,oni,575,2.60 ,2.92 ,3.92 ,3.45 ,0.40 ,8.32 ,2.82 ,0.75 
1305,白云彼方的大地之风,oni,643,6.52 ,8.31 ,9.04 ,3.12 ,0.89 ,9.02 ,10.74 ,9.70 
1306,七色和弦,oni,493,1.77 ,1.51 ,0.82 ,2.96 ,0.41 ,0.18 ,0.55 ,0.12 
1307,大多罗捌伍伍壹,oni,616,5.93 ,6.23 ,7.27 ,4.91 ,1.73 ,9.89 ,8.78 ,3.65 
1308,GIGALODOON,edit,1090,13.19 ,12.23 ,12.10 ,12.76 ,12.57 ,11.04 ,13.96 ,11.60 
1308,GIGALODOON,oni,773,10.00 ,9.90 ,10.38 ,7.36 ,10.65 ,11.00 ,11.35 ,8.51 
1309,KOKODOKO? 或许是DOKKA岛呢!,edit,939,12.21 ,11.98 ,12.32 ,11.22 ,11.57 ,13.53 ,13.49 ,12.43 
1309,KOKODOKO? 或许是DOKKA岛呢!,oni,615,3.18 ,4.01 ,5.08 ,3.60 ,0.30 ,1.76 ,4.11 ,5.73 
1310,Genesis Ray,edit,985,14.44 ,14.16 ,14.11 ,14.18 ,13.93 ,13.33 ,14.94 ,14.07 
1310,Genesis Ray,oni,598,7.07 ,6.06 ,3.53 ,8.56 ,0.59 ,0.15 ,8.63 ,1.63 
1311,雨中的回旋曲,edit,897,12.49 ,12.47 ,13.33 ,10.59 ,14.53 ,15.33 ,11.79 ,10.59 
1311,雨中的回旋曲,oni,523,6.53 ,7.74 ,9.29 ,3.56 ,8.88 ,11.00 ,5.89 ,8.05 
1312,tagatame,edit,526,6.34 ,6.82 ,7.19 ,5.87 ,2.02 ,9.07 ,8.98 ,5.04 
1312,tagatame,oni,360,1.72 ,2.10 ,2.70 ,2.36 ,0.03 ,0.03 ,1.78 ,3.06 
1313,Bling-Bang-Bang-Born,oni,528,5.57 ,5.80 ,4.76 ,7.31 ,2.74 ,5.68 ,5.57 ,4.40 
1314,Orange,oni,439,3.01 ,3.68 ,5.79 ,3.07 ,0.65 ,8.67 ,4.12 ,3.06 
1315,青春症候群,oni,569,7.14 ,7.03 ,4.46 ,7.30 ,8.86 ,8.08 ,4.42 ,1.76 
1316,UUUUUS!,oni,365,1.36 ,1.97 ,2.36 ,2.23 ,0.59 ,7.62 ,0.34 ,1.11 
1317,POLARiSNAUT,oni,1234,13.55 ,13.49 ,13.39 ,13.43 ,13.42 ,14.97 ,13.55 ,12.16 
1318,Irregular Clock,edit,1159,13.98 ,13.12 ,13.38 ,14.25 ,12.68 ,12.75 ,14.68 ,13.90 
1318,Irregular Clock,oni,905,10.83 ,9.95 ,11.30 ,8.85 ,10.20 ,12.75 ,12.84 ,8.86 
1319,Operate Me,edit,1337,14.35 ,14.14 ,13.61 ,14.89 ,13.46 ,14.65 ,14.41 ,8.88 
1319,Operate Me,oni,719,9.13 ,9.37 ,9.85 ,5.88 ,10.75 ,11.87 ,9.86 ,7.37 
1320,for Q,edit,1111,13.02 ,12.32 ,12.82 ,12.89 ,11.66 ,12.17 ,14.16 ,14.29 
1320,for Q,oni,808,7.17 ,8.81 ,9.43 ,4.98 ,0.62 ,8.49 ,11.28 ,10.45 
1321,响彻云霄！太鼓之达人,oni,567,5.07 ,4.77 ,2.86 ,7.23 ,4.58 ,4.00 ,1.69 ,1.50 
1322,魔导幻想曲,oni,796,9.05 ,9.17 ,9.97 ,8.10 ,6.66 ,10.12 ,11.52 ,10.09 
1323,女神的世界 III,oni,678,5.47 ,5.65 ,7.93 ,5.90 ,5.29 ,11.04 ,5.08 ,3.71 
1324,IOSYS Autumn Voracious Festival 2024,oni,811,10.49 ,10.84 ,11.59 ,10.19 ,11.28 ,12.57 ,9.75 ,11.27 
1325,Morpho,oni,714,9.15 ,8.86 ,5.96 ,9.35 ,10.03 ,8.28 ,7.76 ,3.39 
1326,SHEESH,oni,397,1.38 ,1.20 ,0.76 ,1.85 ,0.10 ,0.05 ,1.50 ,0.49 
1327,Hai Yorokonde,edit,512,6.57 ,8.03 ,8.60 ,6.26 ,1.68 ,9.05 ,9.27 ,8.69 
1327,Hai Yorokonde,oni,395,1.73 ,1.49 ,0.88 ,2.95 ,0.27 ,0.30 ,0.35 ,0.44 
1328,LUNATiC CiRCUiT,oni,1020,12.00 ,11.06 ,11.56 ,11.81 ,10.17 ,10.97 ,13.57 ,12.61 
1329,Synthesis.,edit,999,14.05 ,14.10 ,14.25 ,14.15 ,14.16 ,15.23 ,13.57 ,13.10 
1329,Synthesis.,oni,750,7.72 ,7.78 ,8.96 ,7.75 ,8.21 ,11.31 ,7.03 ,6.24 
1330,海阔天空,oni,297,0.04 ,0.05 ,0.02 ,0.08 ,0.00 ,0.00 ,0.00 ,0.00 
1331,想见你想见你想见你 Miss You 3000,oni,211,0.17 ,0.19 ,0.08 ,0.29 ,0.00 ,0.00 ,0.00 ,0.00 
1332,王妃,oni,313,0.38 ,0.35 ,0.18 ,0.65 ,0.01 ,0.00 ,0.00 ,0.07 
1333,淘汰,oni,172,0.00 ,0.00 ,0.00 ,0.00 ,0.00 ,0.00 ,0.00 ,0.00 
1334,PEACEKEEPER,oni,429,4.04 ,4.30 ,6.05 ,3.53 ,3.38 ,8.67 ,4.95 ,3.68 
1335,Storyteller,oni,422,2.51 ,2.84 ,3.62 ,2.80 ,1.72 ,8.20 ,2.81 ,1.68 
1336,Shikairo Days,oni,422,1.89 ,2.27 ,2.30 ,3.00 ,0.79 ,7.68 ,0.98 ,0.35 
1337,全力Dive,oni,535,2.07 ,1.77 ,0.99 ,3.09 ,0.64 ,0.18 ,1.67 ,0.33 
1338,"Help me, 埼玉2000!!",oni,944,12.11 ,11.45 ,11.60 ,10.68 ,12.40 ,11.02 ,12.93 ,10.09 
1339,Lilac,oni,433,3.22 ,2.83 ,1.95 ,3.47 ,0.99 ,0.60 ,4.20 ,1.50 
1341,粛聖!! ロリ神レクイエム☆,oni,547,2.73 ,2.72 ,1.72 ,4.34 ,1.36 ,4.00 ,1.14 ,0.58 
1342,Got Boost?,oni,321,1.02 ,1.42 ,1.63 ,1.75 ,0.09 ,4.00 ,0.00 ,1.35 
1343,早上好咪露,edit,566,6.06 ,6.06 ,6.50 ,6.08 ,5.64 ,8.90 ,6.32 ,3.16 
1343,早上好咪露,oni,279,0.25 ,0.80 ,1.30 ,0.43 ,0.00 ,0.00 ,0.00 ,1.53 
1344,Mesmerizer,edit,968,10.60 ,9.79 ,9.13 ,11.84 ,10.15 ,7.79 ,9.48 ,8.19 
1344,Mesmerizer,oni,505,1.19 ,2.27 ,3.12 ,1.92 ,0.43 ,7.79 ,0.55 ,2.55 
1345,トルコ行進曲,edit,832,9.15 ,7.86 ,4.76 ,8.67 ,1.69 ,0.38 ,13.04 ,2.62 
1345,トルコ行進曲,oni,581,1.10 ,1.05 ,0.93 ,1.89 ,0.19 ,0.10 ,0.00 ,0.93 
1346,Little White Witch,oni,731,9.43 ,10.13 ,10.47 ,4.96 ,9.90 ,11.35 ,11.87 ,10.11 
1347,魔法式逃走奇谭☆ミ,oni,678,5.89 ,5.94 ,6.10 ,4.87 ,5.68 ,3.93 ,6.86 ,6.35 
1348,勿忘草,oni,474,4.79 ,5.63 ,7.01 ,3.40 ,0.30 ,0.10 ,7.51 ,7.87 
1349,Chrimbo!,oni,536,3.88 ,4.78 ,5.35 ,3.46 ,0.49 ,8.26 ,5.68 ,4.68 
1350,CRUXNAUT,oni,1405,15.21 ,15.22 ,14.95 ,14.94 ,15.50 ,14.54 ,14.90 ,9.30 
1351,蛇铁,oni,1025,11.28 ,10.74 ,11.07 ,9.84 ,10.13 ,11.51 ,13.33 ,11.01 
1352,INTERNET YAMERO,oni,976,9.69 ,9.28 ,9.73 ,11.24 ,11.04 ,13.19 ,5.50 ,1.51 
1353,Fatal,edit,584,8.58 ,9.09 ,9.96 ,7.89 ,8.72 ,10.65 ,8.95 ,9.63 
1353,Fatal,oni,406,1.44 ,2.93 ,4.32 ,2.41 ,0.15 ,1.90 ,0.56 ,5.02 
1354,歌剧「Recollect Blue」,oni,765,8.15 ,7.95 ,4.38 ,8.48 ,10.07 ,7.70 ,4.85 ,0.84 
1355,Singularity Game,oni,811,10.00 ,10.41 ,11.39 ,9.50 ,10.08 ,11.41 ,10.24 ,12.46 
1356,Soulway,oni,1120,10.36 ,9.92 ,10.95 ,11.70 ,10.52 ,12.79 ,8.43 ,5.56 
1357,初音ミクの激唱,edit,999,11.88 ,10.41 ,9.45 ,13.94 ,10.92 ,8.67 ,10.25 ,3.81 
1357,初音ミクの激唱,oni,703,9.54 ,9.12 ,7.23 ,12.18 ,10.92 ,8.67 ,1.48 ,0.92 
1358,晩餐歌,oni,565,0.97 ,0.88 ,0.68 ,1.35 ,0.01 ,0.00 ,0.99 ,0.60 
1359,Can't we just be cute?,oni,370,1.40 ,1.70 ,1.69 ,2.38 ,0.37 ,5.63 ,0.00 ,0.50 
1360,爱派Dancehall,oni,676,2.38 ,3.25 ,4.49 ,3.49 ,0.23 ,0.07 ,2.12 ,5.15 
1361,SHINAKO WORLD,oni,387,0.58 ,0.87 ,1.23 ,1.00 ,0.01 ,0.00 ,0.00 ,1.42 
1362,Otonoke,oni,542,4.80 ,6.78 ,8.64 ,5.66 ,1.39 ,5.17 ,5.87 ,9.75 
1363,GAME CHANGER,oni,603,4.19 ,4.51 ,6.35 ,5.08 ,0.73 ,9.13 ,5.08 ,2.24 
1364,苍鹭之火,edit,968,12.70 ,11.89 ,12.04 ,12.94 ,10.76 ,12.23 ,13.96 ,12.73 
1364,苍鹭之火,oni,683,6.84 ,6.93 ,6.64 ,7.99 ,6.89 ,6.10 ,5.22 ,6.64 
1365,Argent Memories,oni,636,7.20 ,7.23 ,7.38 ,4.83 ,3.11 ,2.01 ,10.99 ,7.77 
1366,宝物之丘,edit,752,9.10 ,8.94 ,7.75 ,8.53 ,10.89 ,9.02 ,7.38 ,3.97 
1366,宝物之丘,oni,463,1.87 ,1.60 ,0.91 ,2.38 ,0.04 ,0.00 ,2.17 ,0.35 
1367,Toro-Ika 2000,oni,872,13.92 ,13.99 ,14.64 ,14.16 ,15.50 ,14.65 ,11.57 ,12.08 
1368,Hyper☆Memorizing Show!,oni,831,8.64 ,8.41 ,5.06 ,8.47 ,10.06 ,7.97 ,6.96 ,2.42 
1369,DARK EX MACHINA?,oni,1333,15.14 ,15.39 ,15.50 ,15.00 ,15.50 ,15.22 ,14.64 ,12.98 
1370,Extreme End,edit,1123,15.05 ,14.94 ,14.79 ,14.66 ,15.02 ,14.50 ,15.19 ,11.12 
1370,Extreme End,oni,786,9.85 ,8.32 ,9.17 ,9.22 ,4.29 ,11.42 ,13.56 ,5.84 
1371,栉比鳞次,edit,819,10.24 ,10.45 ,12.11 ,9.17 ,9.81 ,14.59 ,11.43 ,10.42 
1371,栉比鳞次,oni,597,4.15 ,4.10 ,4.03 ,4.73 ,2.22 ,1.67 ,4.88 ,4.17 
1373,千年之恋,oni,389,0.87 ,0.79 ,0.55 ,1.49 ,0.09 ,0.11 ,0.00 ,0.44 
1374,永不失联的爱,oni,322,0.19 ,0.18 ,0.10 ,0.32 ,0.00 ,0.00 ,0.00 ,0.07 
1375,隐形的翅膀,oni,190,0.00 ,0.05 ,0.07 ,0.00 ,0.00 ,0.00 ,0.00 ,0.08 
1376,那些年,oni,275,0.18 ,0.18 ,0.11 ,0.31 ,0.00 ,0.00 ,0.00 ,0.09 
1377,Radiant,oni,557,3.33 ,3.49 ,2.61 ,5.61 ,1.05 ,6.57 ,0.51 ,1.40 
1378,冲破穹顶,oni,913,10.48 ,9.67 ,8.57 ,10.92 ,10.46 ,8.08 ,9.86 ,1.42 
1379,Valsqotch,oni,1057,11.80 ,10.60 ,10.78 ,10.42 ,10.28 ,7.94 ,14.10 ,12.13 
1380,Oshama Scramble!,edit,865,9.51 ,9.53 ,11.39 ,9.33 ,11.13 ,13.62 ,7.58 ,5.98 
1380,Oshama Scramble!,oni,677,4.88 ,4.94 ,4.46 ,4.88 ,5.78 ,8.08 ,3.64 ,3.33 
1381,MINNA NO KAKIGOORI,oni,765,8.00 ,8.70 ,9.08 ,6.17 ,7.28 ,9.51 ,9.93 ,8.97 
1382,Taiko Session,edit,408,4.19 ,5.28 ,6.95 ,2.78 ,0.85 ,8.87 ,6.61 ,5.47 
1382,Taiko Session,oni,230,1.29 ,1.77 ,2.45 ,0.45 ,0.06 ,0.05 ,2.17 ,2.81 
1383,SoulStone -噬暗马戏团-,oni,1079,12.91 ,11.15 ,10.85 ,12.70 ,11.46 ,10.14 ,14.19 ,8.40 
1384,YOU're your HERO,oni,888,11.23 ,10.91 ,11.35 ,9.57 ,10.41 ,11.42 ,13.18 ,11.81 
1385,Que Sera Sera,oni,350,0.73 ,0.68 ,0.57 ,1.14 ,0.01 ,0.00 ,0.54 ,0.54 
1386,NEW KAWAII,oni,452,2.31 ,2.57 ,3.03 ,1.99 ,0.33 ,0.01 ,3.43 ,3.36 
1387,Bubbly Revolution -Bang Bang Bubble-,edit,828,8.48 ,7.81 ,5.03 ,10.10 ,4.26 ,6.03 ,9.64 ,3.23 
1387,Bubbly Revolution -Bang Bang Bubble-,oni,555,1.82 ,1.98 ,1.67 ,3.12 ,0.17 ,1.67 ,0.18 ,1.62 
1388,Wrong World,edit,586,7.88 ,7.22 ,4.30 ,8.61 ,7.86 ,5.40 ,6.94 ,2.14 
1388,Wrong World,oni,529,5.57 ,5.70 ,5.08 ,6.09 ,6.23 ,5.40 ,4.03 ,4.90 
1389,キミとアイドルプリキュア? Light Up！,oni,344,0.83 ,1.13 ,1.26 ,1.43 ,0.06 ,4.47 ,0.00 ,0.15 
1390,Medicine ,edit,763,8.33 ,8.28 ,8.77 ,9.29 ,8.65 ,11.87 ,6.69 ,3.89 
1390,Medicine ,oni,631,5.21 ,5.09 ,2.77 ,6.65 ,4.91 ,5.17 ,3.45 ,0.16 
1391,EXRiXiS,edit,1015,13.67 ,12.44 ,13.05 ,14.14 ,11.81 ,14.50 ,14.64 ,11.90 
1391,EXRiXiS,oni,761,9.12 ,9.36 ,10.59 ,9.33 ,7.56 ,7.98 ,10.10 ,11.31 
1392,RAGING FIRE,edit,1022,13.30 ,13.43 ,13.86 ,14.19 ,12.94 ,14.50 ,12.47 ,14.49 
1392,RAGING FIRE,oni,700,4.31 ,3.69 ,2.12 ,6.57 ,1.48 ,0.61 ,3.11 ,0.86 
1393,Ka.Ma.Se,edit,694,10.84 ,11.11 ,11.86 ,7.36 ,10.76 ,12.75 ,13.34 ,11.99 
1393,Ka.Ma.Se,oni,527,6.42 ,5.92 ,4.92 ,3.14 ,0.40 ,0.01 ,10.58 ,4.65 
1394,雲間を游ぐ,oni,678,10.74 ,11.12 ,12.36 ,8.33 ,10.34 ,11.82 ,12.87 ,14.28 
1395,潮騒205号SSS線,oni,926,11.16 ,11.13 ,12.01 ,11.16 ,11.02 ,14.00 ,11.10 ,8.87 
1400,I wonder,oni,275,0.33 ,0.33 ,0.25 ,0.57 ,0.01 ,0.00 ,0.00 ,0.23 
1401,テトリス,oni,919,6.22 ,6.15 ,3.88 ,8.38 ,5.99 ,7.93 ,2.92 ,1.40 
1402,アイドル戦士(feat. 初音ミク),oni,484,5.43 ,5.02 ,4.19 ,3.55 ,0.37 ,0.00 ,8.65 ,3.98 
1403,UNBIAS,oni,578,2.80 ,3.29 ,3.32 ,3.98 ,0.92 ,2.83 ,2.56 ,3.50 
1404,みんなのうた,oni,829,10.08 ,10.02 ,10.79 ,9.41 ,10.74 ,12.23 ,9.86 ,6.83 
1405,閃光天舞,oni,905,12.57 ,12.48 ,12.33 ,12.66 ,12.48 ,14.33 ,12.34 ,10.46 
1406,siren's eye,oni,997,14.15 ,14.44 ,14.73 ,13.84 ,14.29 ,14.79 ,14.05 ,14.65 
1407,On-Party!,oni,346,0.88 ,1.59 ,2.12 ,1.41 ,0.51 ,7.62 ,0.16 ,0.19 
1408,倍倍FIGHT!,oni,629,3.84 ,3.87 ,2.49 ,5.87 ,3.03 ,6.57 ,0.00 ,0.17 
1409,爱?SCREAM!,oni,323,0.53 ,0.71 ,0.93 ,0.91 ,0.02 ,0.01 ,0.00 ,1.06 
1410,WINNER! GOZYUGER!,oni,433,2.28 ,2.67 ,3.14 ,3.11 ,1.10 ,8.08 ,2.12 ,1.39 
1411,Lightning Boys,edit,1030,14.17 ,13.89 ,14.04 ,14.44 ,13.28 ,14.95 ,14.52 ,13.07 
1411,Lightning Boys,oni,815,12.06 ,10.94 ,10.71 ,11.58 ,11.37 ,10.12 ,12.94 ,8.81 
1412,Kakashi-Hime: Princess Scarecrow,edit,987,13.10 ,11.92 ,11.53 ,12.71 ,11.86 ,11.59 ,14.38 ,10.09 
1412,Kakashi-Hime: Princess Scarecrow,oni,629,5.56 ,6.59 ,7.85 ,4.61 ,0.97 ,9.69 ,8.34 ,6.23 
1413,pitchfader,edit,866,11.34 ,11.82 ,12.72 ,8.97 ,11.43 ,12.75 ,13.04 ,14.45 
1413,pitchfader,oni,622,4.14 ,5.57 ,6.80 ,4.68 ,3.51 ,7.69 ,4.08 ,7.32 
1414,桂月,edit,524,9.94 ,9.11 ,9.54 ,8.24 ,6.71 ,10.12 ,13.41 ,8.80 
1414,桂月,oni,421,4.77 ,4.07 ,2.20 ,4.49 ,2.93 ,0.60 ,6.23 ,0.10 
1415,怪獣,oni,370,2.03 ,2.36 ,2.23 ,3.09 ,1.63 ,7.50 ,0.00 ,0.15 
1417,初,oni,416,1.57 ,1.77 ,1.56 ,2.67 ,0.47 ,5.17 ,0.00 ,0.14 
1418,Sync Your World,oni,876,11.08 ,10.55 ,11.07 ,10.91 ,10.07 ,12.31 ,11.98 ,8.62 
1419,vs.VIGVANGS,edit,1438,15.11 ,15.17 ,15.28 ,15.29 ,14.50 ,14.81 ,15.26 ,14.29 
1419,vs.VIGVANGS,oni,1055,11.89 ,10.95 ,11.63 ,11.15 ,10.34 ,12.58 ,13.69 ,10.82 
1420,KONYA WA Hold Me,oni,329,1.69 ,1.69 ,1.04 ,0.69 ,0.34 ,2.60 ,2.80 ,0.02 
1421,SUDDEN GUST OC,oni,884,10.72 ,10.67 ,11.94 ,10.10 ,11.34 ,14.50 ,10.47 ,5.43 
1422,SORA-III Heliopause,oni,537,5.37 ,6.92 ,7.46 ,4.19 ,0.57 ,8.13 ,8.22 ,7.87 
1423,★楽園☆CASINO GALAXY！,oni,400,2.19 ,4.37 ,6.83 ,3.20 ,0.08 ,0.03 ,2.01 ,7.99 
1424,てらてら,oni,745,5.88 ,5.87 ,4.75 ,5.61 ,6.99 ,8.08 ,4.72 ,3.45 
1425,モア！ジャンプ！モア！,oni,821,10.11 ,9.63 ,8.86 ,10.48 ,10.48 ,8.78 ,9.13 ,3.90 
1426,CR詠ZY,oni,479,4.49 ,4.19 ,3.60 ,2.98 ,0.22 ,0.00 ,7.12 ,3.49 
1427,トンデモワンダーズ,oni,802,8.34 ,8.07 ,4.51 ,9.55 ,8.30 ,7.55 ,6.77 ,1.42 
1428,バグ,oni,642,3.23 ,3.41 ,2.78 ,4.30 ,2.99 ,7.85 ,1.87 ,0.79 
1431,アリア,oni,825,9.15 ,8.59 ,4.76 ,11.21 ,9.71 ,7.50 ,5.33 ,1.07 
1432,CHAOTiC BATTLE,oni,1053,11.52 ,10.84 ,11.69 ,10.56 ,10.47 ,12.08 ,13.11 ,11.99 
1433,Re:Play!!,oni,625,6.10 ,6.05 ,4.15 ,5.84 ,7.94 ,8.08 ,3.60 ,1.81 
1434,YOU're our HEROES,oni,987,11.72 ,11.89 ,11.77 ,10.90 ,12.27 ,11.44 ,11.72 ,11.42 
1435,モニタリング,oni,422,3.30 ,3.97 ,5.05 ,3.48 ,0.26 ,0.01 ,4.48 ,5.70 
1436,混沌ブギ,oni,885,6.14 ,6.09 ,4.20 ,7.97 ,5.45 ,8.08 ,4.29 ,1.94 
1437,神々が恋した幻想郷,oni,806,10.26 ,8.64 ,5.01 ,11.70 ,4.17 ,1.67 ,12.55 ,1.92 
1438,SORA-VIII ネビュラトレイル,oni,888,9.15 ,9.09 ,9.26 ,8.92 ,7.96 ,10.02 ,10.25 ,8.47 
1439,汚れなきクソ野郎ども,oni,515,1.56 ,1.35 ,0.80 ,2.65 ,0.38 ,0.23 ,0.14 ,0.43 
1440,Daddy's Style -今夜はダディダディ-,edit,783,8.02 ,8.25 ,9.29 ,8.87 ,10.31 ,12.75 ,2.44 ,4.08 
1440,Daddy's Style -今夜はダディダディ-,oni,517,0.93 ,1.18 ,1.24 ,1.60 ,0.04 ,4.34 ,0.00 ,0.12 
1441,IRIS OUT,oni,372,3.81 ,5.47 ,6.44 ,3.87 ,0.80 ,5.20 ,5.23 ,7.14 
1442,残酷な夜に輝け,oni,415,1.09 ,1.39 ,1.47 ,1.85 ,0.28 ,5.17 ,0.00 ,0.12 
1445,VISIONS,oni,313,2.55 ,2.94 ,4.31 ,2.58 ,0.69 ,8.38 ,3.48 ,1.32 
1446,でぃんぴーでぃんぱー！,oni,474,2.93 ,6.45 ,8.88 ,2.25 ,0.47 ,6.69 ,4.50 ,10.17 
1447,バブル?リップ?レイヴ?マシン,oni,687,11.44 ,11.34 ,12.21 ,8.83 ,11.27 ,11.00 ,13.53 ,14.39 
1448,ダジャレdeオシャレ,edit,715,2.67 ,2.63 ,1.54 ,4.52 ,0.66 ,3.30 ,0.40 ,0.38 
1449,クラシックメドレー（冬休み編）,oni,648,9.79 ,9.49 ,7.73 ,7.53 ,10.71 ,9.25 ,10.62 ,4.02 
1450,UMAのフォーストレーニ千グ 【BPM150編】,edit,356,12.26 ,11.53 ,12.71 ,14.15 ,15.50 ,14.50 ,2.26 ,2.03 
1450,UMAのフォーストレーニ千グ 【BPM150編】,oni,208,2.77 ,2.69 ,1.29 ,4.65 ,1.06 ,0.60 ,0.00 ,0.00 
1451,UMAのフォーストレーニ千グ 【BPM180編】,edit,334,9.93 ,9.11 ,5.01 ,12.14 ,10.00 ,7.50 ,6.69 ,0.15 
1451,UMAのフォーストレーニ千グ 【BPM180編】,oni,276,6.20 ,6.12 ,3.50 ,8.36 ,6.65 ,7.50 ,0.00 ,0.15 
1452,UMAのフォーストレーニ千グ 【BPM240編】,edit,364,11.72 ,10.89 ,11.05 ,13.71 ,11.98 ,11.00 ,8.69 ,6.90 
1452,UMAのフォーストレーニ千グ 【BPM240編】,oni,316,10.07 ,9.68 ,10.22 ,11.50 ,10.98 ,11.00 ,6.93 ,5.48 
1453,THE REVO,oni,350,1.29 ,1.28 ,0.80 ,2.20 ,0.32 ,0.97 ,0.00 ,0.56 
1455,無敵的ハピネス！(SOS団5人Ver.),edit,766,11.66 ,11.06 ,11.30 ,12.95 ,10.69 ,13.19 ,11.01 ,4.27 
1455,無敵的ハピネス！(SOS団5人Ver.),oni,503,3.02 ,3.22 ,2.73 ,4.55 ,2.16 ,7.79 ,1.28 ,0.97 
1456,World Keeps Turning,oni,701,4.86 ,4.58 ,3.90 ,7.00 ,2.49 ,2.83 ,3.87 ,3.68 
1457,ツナガリズム,oni,622,5.55 ,6.11 ,5.22 ,6.15 ,0.96 ,5.98 ,7.25 ,5.05 
1458,闇の魂,oni,591,5.85 ,6.30 ,6.81 ,6.67 ,1.64 ,8.89 ,7.37 ,4.50 
1459,ワルルーさまの歌を聴けぇ！,oni,516,4.66 ,4.84 ,4.36 ,2.50 ,4.03 ,8.11 ,6.47 ,3.13 
1460,クスシキ,oni,412,2.71 ,3.06 ,3.65 ,2.44 ,0.24 ,0.03 ,3.97 ,4.06 
1462,"コドモオトナヒーロー (feat. 竹ぱら, しなこ, リアピ)",oni,354,0.70 ,2.92 ,4.31 ,1.20 ,0.11 ,5.63 ,0.00 ,4.76 
1463,チェリーポップ,oni,432,5.68 ,5.67 ,4.32 ,6.17 ,5.84 ,8.20 ,4.86 ,1.91 
1464,ZOMEKI THUNDER,oni,765,10.87 ,11.38 ,12.35 ,7.73 ,10.84 ,14.06 ,13.15 ,11.99 
1465,マルトーアンフェール,edit,1226,13.45 ,12.75 ,12.60 ,13.30 ,12.16 ,14.82 ,14.56 ,11.20 
1465,マルトーアンフェール,oni,779,3.54 ,3.48 ,2.28 ,4.89 ,2.01 ,3.53 ,3.04 ,1.52 
1466,どんちゃんえかき歌,edit,199,0.09 ,0.19 ,0.26 ,0.11 ,0.11 ,0.09 ,0.00 ,0.30 
1466,どんちゃんえかき歌,oni,368,1.13 ,1.20 ,1.32 ,1.36 ,0.30 ,0.05 ,1.36 ,1.44 
1467,さいたま2001,oni,570,5.11 ,5.17 ,5.88 ,5.23 ,3.85 ,8.67 ,5.93 ,2.56 
1491,オーバーライド,oni,994,8.96 ,8.83 ,7.70 ,8.57 ,8.97 ,8.90 ,9.18 ,5.89 
1493,賜物,oni,301,1.34 ,2.41 ,3.69 ,1.50 ,0.02 ,0.00 ,1.76 ,4.30 
1495,ハッピーラッキーチャッピー,oni,266,0.82 ,0.80 ,0.44 ,1.41 ,0.10 ,0.60 ,0.00 ,0.17 
ACX_0000,おしりかじり虫,oni,368,0.41 ,0.44 ,0.19 ,0.70 ,0.00 ,0.00 ,0.00 ,0.00 
ACX_0001,おしりの山はエベレスト,edit,788,9.08 ,8.75 ,8.26 ,9.01 ,4.71 ,10.54 ,11.87 ,4.61 
ACX_0001,おしりの山はエベレスト,oni,442,0.32 ,0.30 ,0.15 ,0.53 ,0.03 ,0.00 ,0.16 ,0.00 
ACX_0002,雪だるまつくろう,oni,247,2.75 ,2.53 ,1.88 ,1.20 ,0.44 ,1.20 ,4.56 ,1.60 
ACX_0003,Dance My Generation,oni,325,1.73 ,3.19 ,4.92 ,1.56 ,0.03 ,0.01 ,2.54 ,5.74 
ACX_0004,KISS KISS BANG BANG,oni,480,1.18 ,1.26 ,0.98 ,2.03 ,0.16 ,1.43 ,0.00 ,0.86 
ACX_0005,ライオン,edit,487,4.21 ,4.93 ,6.13 ,4.73 ,0.62 ,0.21 ,5.45 ,6.88 
ACX_0005,ライオン,oni,370,1.13 ,1.66 ,2.37 ,1.95 ,0.05 ,0.18 ,0.00 ,2.74 
ACX_0006,青春サツバツ論,oni,408,4.66 ,4.34 ,3.72 ,3.54 ,1.35 ,0.23 ,7.07 ,3.59 
ACX_0007,イマジネーション,oni,481,6.45 ,6.44 ,6.79 ,6.78 ,6.44 ,8.90 ,5.99 ,4.12 
ACX_0008,ETERNAL BLAZE,oni,320,0.95 ,1.52 ,1.88 ,1.61 ,0.33 ,1.67 ,0.00 ,2.10 
ACX_0009,INSIDE IDENTITY,oni,459,3.00 ,3.27 ,3.06 ,3.89 ,3.09 ,7.87 ,1.41 ,1.79 
ACX_0010,ラヴァーズ,oni,410,1.37 ,1.48 ,1.19 ,2.34 ,0.26 ,3.77 ,0.00 ,0.09 
ACX_0011,恋音と雨空,oni,415,0.81 ,0.79 ,0.73 ,1.39 ,0.04 ,0.00 ,0.00 ,0.74 
ACX_0012,チョコレイト?ディスコ,oni,370,0.71 ,1.75 ,2.83 ,1.22 ,0.00 ,0.00 ,0.00 ,3.33 
ACX_0013,ポリリズム,oni,573,2.30 ,2.36 ,2.49 ,3.11 ,0.06 ,0.00 ,2.45 ,2.66 
ACX_0014,S,oni,596,8.79 ,8.67 ,7.87 ,5.22 ,10.57 ,9.37 ,9.47 ,5.36 
ACX_0015,Punishment,oni,999,9.91 ,10.08 ,9.86 ,11.13 ,10.12 ,9.88 ,8.04 ,9.51 
ACX_0016,ウィーゴー！,oni,569,1.39 ,2.17 ,2.65 ,2.06 ,1.22 ,6.57 ,0.00 ,2.23 
ACX_0018,ジョジョ ～その血の運命～,oni,314,0.85 ,0.93 ,1.00 ,1.43 ,0.29 ,0.23 ,0.00 ,1.09 
ACX_0019,Life is SHOW TIME,oni,267,0.64 ,1.67 ,2.54 ,1.09 ,0.07 ,0.97 ,0.00 ,2.97 
ACX_0020,V.I.P,oni,343,1.58 ,2.05 ,2.34 ,2.54 ,0.84 ,7.79 ,0.50 ,0.35 
ACX_0021,Tell Your World,oni,388,1.83 ,1.59 ,0.87 ,3.14 ,0.17 ,0.60 ,0.00 ,0.17 
ACX_0022,桃源郷エイリアン,oni,404,4.19 ,4.59 ,3.82 ,2.35 ,0.39 ,5.17 ,6.82 ,3.55 
ACX_0023,行くぜっ！怪盗少女 -Z ver.-,oni,496,0.96 ,1.39 ,1.64 ,1.58 ,0.47 ,2.83 ,0.00 ,1.64 
ACX_0024,キルミーのベイベー！,oni,596,9.08 ,8.88 ,6.83 ,9.30 ,10.42 ,8.68 ,7.03 ,3.57 
ACX_0025,それが大事,oni,471,0.74 ,0.69 ,0.59 ,1.26 ,0.04 ,0.00 ,0.16 ,0.58 
ACX_0026,天装戦隊ゴセイジャー,oni,299,1.27 ,1.84 ,2.29 ,1.99 ,0.71 ,7.73 ,0.57 ,0.60 
AC_10000,カロン,oni,371,0.89 ,1.17 ,1.55 ,1.52 ,0.14 ,0.23 ,0.00 ,1.77 
AC_10001,ラブレター,oni,314,0.12 ,2.68 ,4.58 ,0.21 ,0.00 ,0.00 ,0.00 ,5.42 
AC_10002,歩いていこう,oni,277,0.02 ,0.02 ,0.01 ,0.03 ,0.00 ,0.00 ,0.00 ,0.00 
AC_10003,笑顔にカンパイ！,oni,397,1.52 ,4.11 ,6.72 ,1.61 ,0.04 ,0.02 ,2.06 ,7.90 
AC_10005,Ring a Ding Dong,oni,398,5.31 ,5.72 ,6.48 ,1.91 ,0.06 ,0.01 ,8.95 ,7.10 
AC_10007,I Wish For You,oni,376,0.56 ,0.51 ,0.26 ,0.96 ,0.01 ,0.00 ,0.00 ,0.08 
AC_10009,風は吹いている,oni,448,0.52 ,0.58 ,0.60 ,0.90 ,0.01 ,0.00 ,0.00 ,0.65 
AC_10010,気まぐれロマンティック,oni,400,1.22 ,1.49 ,1.50 ,2.06 ,0.38 ,5.17 ,0.00 ,0.19 
AC_10011,前略、道の上より,oni,650,4.26 ,3.64 ,2.00 ,5.18 ,0.75 ,0.77 ,5.12 ,0.40 
AC_10013,虹,oni,327,0.52 ,0.48 ,0.26 ,0.90 ,0.02 ,0.00 ,0.00 ,0.12 
AC_10014,maximum the hormone,oni,839,2.83 ,5.17 ,7.35 ,4.73 ,0.79 ,3.77 ,0.89 ,8.48 
AC_10015,夜の踊り子,oni,529,1.36 ,1.60 ,2.00 ,2.30 ,0.05 ,0.01 ,0.47 ,2.25 
AC_147_1,FUTURE FISH,oni,358,1.49 ,1.56 ,1.17 ,2.52 ,0.47 ,3.53 ,0.00 ,0.11 
AC_158_2,ANTI-HERO,edit,600,7.16 ,8.34 ,10.46 ,3.93 ,2.39 ,2.25 ,11.44 ,11.72 
AC_158_2,ANTI-HERO,oni,434,0.66 ,0.75 ,0.91 ,1.07 ,0.01 ,0.00 ,0.39 ,1.02 
AC_165,十面相 colorful ver.,edit,999,3.52 ,3.55 ,2.54 ,5.40 ,1.78 ,5.87 ,2.09 ,1.38 
AC_165,十面相 colorful ver.,oni,752,1.23 ,1.88 ,2.28 ,2.11 ,0.18 ,5.87 ,0.00 ,1.84 
AC_172,マトリョシカ,edit,857,7.73 ,9.15 ,10.02 ,8.04 ,4.75 ,9.02 ,9.49 ,11.45 
AC_172,マトリョシカ,oni,693,2.83 ,5.55 ,7.43 ,4.21 ,0.34 ,7.71 ,2.42 ,8.30 
AC_174,人生リセットボタン,oni,999,7.56 ,7.47 ,6.70 ,7.89 ,7.85 ,8.67 ,6.75 ,4.31 
AC_188,チルドレンレコード,oni,490,8.45 ,8.36 ,8.08 ,7.11 ,10.77 ,9.25 ,6.71 ,5.87 
AC_189,延命治療,oni,603,2.72 ,3.03 ,2.72 ,3.05 ,0.79 ,7.50 ,3.45 ,1.56 
AC_192,夜咄ディセイブ,oni,703,6.43 ,7.95 ,8.26 ,4.28 ,0.97 ,8.38 ,10.15 ,8.70 
AC_195,イケナイ太陽,oni,456,2.35 ,2.00 ,1.09 ,3.51 ,0.91 ,0.18 ,1.80 ,0.13 
AC_216_1,気分上々↑↑,oni,620,2.23 ,1.94 ,1.26 ,3.08 ,0.09 ,0.00 ,2.28 ,0.86 
AC_217,じょいふる,oni,455,1.88 ,2.21 ,2.09 ,3.22 ,0.32 ,2.60 ,0.00 ,2.10 
AC_224_1,喧嘩上等,oni,516,3.04 ,2.97 ,1.63 ,4.79 ,1.31 ,2.83 ,1.68 ,0.43 
AC_225,君の知らない物語,oni,381,1.55 ,1.65 ,1.30 ,2.59 ,0.63 ,4.00 ,0.00 ,0.21 
AC_249_1,Love Forever,oni,323,0.25 ,0.28 ,0.11 ,0.43 ,0.00 ,0.00 ,0.00 ,0.00 
AC_24_1,POP TEAM EPIC,oni,423,1.96 ,1.70 ,1.06 ,3.18 ,0.28 ,0.09 ,1.08 ,0.67 
AC_256,ももいろ太鼓どどんが節,oni,396,1.23 ,3.08 ,4.34 ,2.06 ,0.46 ,4.65 ,0.00 ,4.87 
AC_289_1,ミセナイナミダハ、きっといつか,oni,205,0.08 ,0.09 ,0.04 ,0.13 ,0.00 ,0.00 ,0.00 ,0.00 
AC_29,真夏のSounds good!,oni,389,0.49 ,0.57 ,0.54 ,0.82 ,0.06 ,0.39 ,0.18 ,0.56 
AC_290_1,マジLOVE2000％,oni,426,5.51 ,6.25 ,7.70 ,4.06 ,3.96 ,9.34 ,7.61 ,6.36 
AC_292,もったいないとらんど,oni,449,1.53 ,1.83 ,1.03 ,2.60 ,0.35 ,2.83 ,0.00 ,0.00 
AC_373,Shine,oni,255,0.72 ,0.64 ,0.33 ,1.24 ,0.03 ,0.00 ,0.00 ,0.01 
AC_456,イエス,oni,430,0.20 ,0.20 ,0.12 ,0.35 ,0.00 ,0.00 ,0.00 ,0.09 
AC_47,ありがとう,oni,229,0.24 ,0.24 ,0.14 ,0.42 ,0.00 ,0.00 ,0.00 ,0.10 
AC_475,あったかいんだからぁ?,oni,414,1.80 ,1.57 ,0.85 ,3.06 ,0.50 ,0.60 ,0.00 ,0.15 
AC_486,Daydream café,oni,371,1.16 ,1.09 ,0.59 ,2.00 ,0.10 ,0.60 ,0.00 ,0.24 
AC_4_1,ダンシング?ヒーロー(Eat You Up),oni,434,1.93 ,1.65 ,0.91 ,3.27 ,0.18 ,0.01 ,0.56 ,0.23 
AC_508_2,青空のラプソディ,edit,486,6.99 ,7.87 ,9.44 ,4.82 ,0.81 ,0.42 ,11.00 ,10.50 
AC_508_2,青空のラプソディ,oni,510,8.22 ,8.13 ,8.15 ,5.21 ,0.71 ,0.01 ,13.14 ,8.54 
AC_50_1,バクチ?ダンサー,oni,577,5.47 ,5.31 ,5.07 ,6.03 ,2.46 ,0.77 ,6.80 ,5.20 
AC_532,Hard Knock Days,oni,442,0.90 ,1.60 ,2.09 ,1.51 ,0.03 ,7.36 ,0.37 ,0.62 
AC_533,crossing field,oni,299,1.01 ,1.62 ,2.02 ,1.70 ,0.37 ,7.27 ,0.00 ,0.29 
AC_562,talking,oni,384,1.38 ,1.26 ,0.99 ,1.97 ,0.18 ,0.05 ,1.32 ,0.89 
AC_57_1,ブルーバード,oni,342,1.20 ,1.17 ,0.64 ,2.06 ,0.19 ,0.97 ,0.00 ,0.25 
AC_57_2,黒い猫の歌,oni,343,0.95 ,1.01 ,1.12 ,1.63 ,0.04 ,0.01 ,0.00 ,1.22 
AC_584,かくしん的☆めたまるふぉ～ぜっ！,oni,410,2.66 ,3.39 ,3.60 ,3.02 ,0.52 ,7.41 ,3.39 ,3.25 
AC_58_2,クリスマスソング,oni,446,2.67 ,2.69 ,2.76 ,2.00 ,0.03 ,0.00 ,4.13 ,2.93 
AC_598,みんながみんな英雄,oni,242,0.83 ,1.20 ,1.70 ,0.99 ,0.01 ,0.00 ,1.03 ,1.96 
AC_599,365日の紙飛行機,oni,251,0.15 ,0.15 ,0.09 ,0.25 ,0.00 ,0.00 ,0.00 ,0.07 
AC_600,キミに100パーセント,oni,302,1.04 ,1.32 ,0.90 ,1.79 ,0.11 ,2.83 ,0.00 ,0.00 
AC_603,スタートライン！,oni,315,0.81 ,1.02 ,1.05 ,1.38 ,0.22 ,2.37 ,0.00 ,0.89 
AC_619,トライ?エヴリシング,oni,203,0.02 ,0.16 ,0.25 ,0.03 ,0.00 ,0.00 ,0.00 ,0.29 
AC_634,サイレントマジョリティー,oni,284,0.47 ,1.13 ,1.81 ,0.81 ,0.03 ,0.00 ,0.00 ,2.13 
AC_638,FANTASTIC BABY,oni,543,1.79 ,1.64 ,1.33 ,2.24 ,0.09 ,0.00 ,2.11 ,1.23 
AC_655,Soup,oni,443,4.43 ,4.80 ,5.48 ,2.03 ,0.03 ,0.09 ,7.35 ,6.02 
AC_665,ワタリドリ,oni,491,5.01 ,5.21 ,5.63 ,4.56 ,0.63 ,0.02 ,7.29 ,6.08 
AC_667,花丸◎日和！,oni,512,4.51 ,4.87 ,4.23 ,6.05 ,4.56 ,7.86 ,1.67 ,3.46 
AC_679,ようこそジャパリパークへ,oni,449,2.67 ,2.80 ,2.07 ,4.20 ,1.87 ,5.32 ,0.00 ,1.04 
AC_710,TT -Japanese ver.-,oni,275,1.35 ,1.61 ,2.04 ,0.95 ,0.02 ,0.00 ,2.12 ,2.30 
AC_729,Lemon,oni,223,0.18 ,1.53 ,2.61 ,0.31 ,0.00 ,0.00 ,0.00 ,3.09 
AC_772,ガラスを割れ！,oni,348,1.18 ,1.32 ,1.15 ,1.99 ,0.43 ,3.77 ,0.00 ,0.10 
AC_787,Candy Pop,oni,288,1.14 ,1.81 ,1.71 ,1.86 ,0.61 ,6.10 ,0.00 ,0.00 
AC_789,LOSER,oni,347,0.76 ,3.22 ,5.41 ,1.12 ,0.01 ,0.04 ,0.67 ,6.39 
AC_78_2,好きな人がいること,oni,310,0.69 ,2.69 ,4.50 ,0.70 ,0.01 ,0.01 ,0.95 ,5.31 
AC_791,ミッション！ 健?康?第?イチ,oni,453,3.26 ,3.44 ,2.81 ,4.72 ,2.08 ,7.85 ,2.21 ,0.86 
AC_7_1,Hope,oni,311,1.31 ,2.42 ,3.73 ,1.18 ,0.07 ,0.05 ,1.92 ,4.35 
AC_893,ピースサイン,oni,443,3.08 ,3.46 ,5.62 ,3.29 ,1.74 ,8.67 ,3.77 ,2.32 
AC_999,銀河鉄道999,oni,403,0.87 ,1.43 ,2.13 ,1.47 ,0.02 ,0.00 ,0.30 ,2.47 
NS1_mk3rai,ミライ,oni,700,5.64 ,5.60 ,3.46 ,6.21 ,6.63 ,7.68 ,3.45 ,1.04 
NS2_0001,Feel Special,oni,413,2.56 ,3.26 ,4.33 ,2.24 ,0.04 ,0.00 ,3.79 ,4.93 
NS2_0003,マリーゴールド,oni,328,0.65 ,0.61 ,0.45 ,1.12 ,0.00 ,0.00 ,0.00 ,0.39 
NS2_0004,TT,edit,520,7.33 ,8.60 ,8.67 ,6.79 ,2.64 ,8.38 ,10.30 ,9.14 
NS2_0004,TT,oni,275,1.35 ,1.61 ,2.04 ,0.95 ,0.02 ,0.00 ,2.12 ,2.30 
NS2_0005,可愛くてごめん,oni,533,2.26 ,2.23 ,1.29 ,3.71 ,1.13 ,2.83 ,0.27 ,0.08 
NS2_0006,スターマイン,oni,418,1.83 ,2.71 ,3.88 ,2.57 ,0.11 ,0.01 ,1.82 ,4.48 
NS2_0007,春を告げる,oni,413,3.58 ,5.15 ,7.28 ,3.09 ,0.22 ,0.60 ,5.33 ,8.39 
NS2_0008,キセキ,oni,203,0.07 ,0.07 ,0.06 ,0.12 ,0.00 ,0.00 ,0.00 ,0.06 
NS2_0009,愛をこめて花束を,oni,259,0.16 ,0.18 ,0.07 ,0.27 ,0.00 ,0.00 ,0.00 ,0.00 
NS2_0010,プラスティック?ラブ,oni,462,0.68 ,0.71 ,0.79 ,0.96 ,0.01 ,0.00 ,0.65 ,0.86 
NS2_0011,真夜中のドア～Stay with me,oni,385,1.29 ,1.20 ,1.04 ,1.49 ,0.01 ,0.00 ,1.64 ,1.02 
NS2_0012,Into the Unknown,oni,230,0.79 ,1.62 ,1.76 ,1.32 ,0.37 ,6.45 ,0.00 ,0.00 
NS2_0013,Butter-Fly,oni,383,1.78 ,1.86 ,1.35 ,2.69 ,1.28 ,4.00 ,0.74 ,0.06 
NS2_0014,ムーンライト伝説,oni,394,2.65 ,3.92 ,6.87 ,2.90 ,1.20 ,9.25 ,3.30 ,4.60 
NS2_0016,サインはB -New Arrange Ver.-,oni,429,1.70 ,1.98 ,1.87 ,2.86 ,0.61 ,6.33 ,0.00 ,0.17 
NS2_0018,OVER THE TOP,oni,417,1.07 ,2.07 ,2.98 ,0.94 ,0.06 ,7.95 ,1.58 ,2.01 
NS_p_512,ステッピン?オン?ジ?アクセル,oni,779,11.00 ,11.41 ,12.77 ,10.64 ,10.98 ,12.05 ,11.18 ,15.19 
NS_p_516,Beat Again,edit,733,10.27 ,10.41 ,11.03 ,11.00 ,12.04 ,11.00 ,6.85 ,8.41 
NS_p_516,Beat Again,oni,475,4.87 ,7.46 ,9.12 ,4.52 ,1.13 ,7.50 ,6.97 ,10.19 
NS_p_518,TAIKO-TONGUE-TWISTER,oni,765,4.63 ,5.04 ,8.40 ,5.02 ,5.13 ,11.90 ,3.46 ,3.77 
NS_p_534,神鬼争乱,oni,794,10.80 ,10.58 ,11.27 ,9.19 ,10.17 ,12.40 ,12.58 ,10.59 
NS_p_602,音虫を響かせろ！,oni,582,8.51 ,8.76 ,10.80 ,6.41 ,3.20 ,7.93 ,12.78 ,11.70 
NS_p_680,Planet Quester XT,edit,965,13.18 ,12.54 ,12.54 ,12.45 ,12.21 ,13.00 ,14.52 ,12.73 
NS_p_680,Planet Quester XT,oni,626,6.93 ,6.71 ,5.00 ,4.49 ,1.57 ,5.17 ,10.94 ,4.26 
NS_p_760,文明開化,edit,765,10.36 ,10.68 ,10.60 ,8.58 ,10.70 ,10.56 ,11.42 ,10.73 
NS_p_760,文明開化,oni,788,6.79 ,6.12 ,4.69 ,7.57 ,3.61 ,1.67 ,8.13 ,4.11 
NS_p_773,ドンバルディアの踊り子,oni,583,5.69 ,5.57 ,5.13 ,3.63 ,0.37 ,2.19 ,9.08 ,5.17 
P4_G_D11,Next Life,oni,876,10.29 ,9.51 ,9.57 ,9.81 ,6.34 ,9.86 ,13.31 ,10.33 
ns2_fu4cho,不死鳥と成りて,oni,1015,12.68 ,11.64 ,10.97 ,13.40 ,11.05 ,14.47 ,13.23 ,3.86 
ns2_kgnbad,SO BAD,oni,409,2.15 ,2.52 ,3.33 ,2.62 ,0.73 ,8.20 ,2.50 ,0.49 
ns2_masejn,魔星陣 -ゼータ?アステリズム-,oni,582,5.96 ,6.61 ,8.20 ,3.62 ,4.00 ,10.42 ,8.73 ,5.97 
ns2_mikrol,ローリンガール,oni,665,6.17 ,6.13 ,5.18 ,7.40 ,6.05 ,8.38 ,4.61 ,2.59 
ns2_miksst,初音ミクの消失,edit,1257,14.02 ,13.02 ,12.48 ,14.78 ,11.28 ,13.63 ,15.39 ,7.73 
ns2_miksst,初音ミクの消失,oni,929,11.74 ,10.17 ,9.74 ,11.41 ,9.94 ,9.26 ,13.40 ,8.50 
ns2_ojamjk,おジャ魔女カーニバル!!,edit,619,6.83 ,6.80 ,7.02 ,8.12 ,5.84 ,9.91 ,6.18 ,1.18 
ns2_ojamjk,おジャ魔女カーニバル!!,oni,369,1.25 ,1.26 ,1.24 ,2.15 ,0.22 ,0.33 ,0.12 ,1.30 
ns2_sekask,＊せかいをすくう、ぼくらのおはなし。,oni,1060,12.54 ,12.02 ,12.04 ,12.43 ,11.45 ,14.50 ,13.43 ,10.44 
